--------------------------------------------------------
-- Archivo creado  - lunes-junio-25-2018   
--------------------------------------------------------
--------------------------------------------------------
--  DDL for Type CONSULTA_1
--------------------------------------------------------

  CREATE OR REPLACE TYPE "HOSTALCLARITA"."CONSULTA_1" AS OBJECT (
  DSC_PRODUCTO      VARCHAR2(100 CHAR),
  FECHA_VENCIMIENTO DATE,
  NOMBRE_PROVEEDOR  VARCHAR2(50 CHAR), 
  RUT_PROVEEDOR     VARCHAR2(10 CHAR),
  DSC_TIPO_PRODUCTO VARCHAR2(100 CHAR)
);

/
--------------------------------------------------------
--  DDL for Type TBL_CONSULTA1
--------------------------------------------------------

  CREATE OR REPLACE TYPE "HOSTALCLARITA"."TBL_CONSULTA1" IS TABLE OF CONSULTA_1;

/
--------------------------------------------------------
--  DDL for Sequence SEC_DIA_SEMANA
--------------------------------------------------------

   CREATE SEQUENCE  "HOSTALCLARITA"."SEC_DIA_SEMANA"  MINVALUE 1 MAXVALUE 9999999999999999999999999999 INCREMENT BY 1 START WITH 8 NOCACHE  ORDER  NOCYCLE ;
--------------------------------------------------------
--  DDL for Sequence SEC_EMPLEADO
--------------------------------------------------------

   CREATE SEQUENCE  "HOSTALCLARITA"."SEC_EMPLEADO"  MINVALUE 1 MAXVALUE 9999999999999999999999999999 INCREMENT BY 1 START WITH 3 NOCACHE  ORDER  NOCYCLE ;
--------------------------------------------------------
--  DDL for Sequence SEC_EMPRESA
--------------------------------------------------------

   CREATE SEQUENCE  "HOSTALCLARITA"."SEC_EMPRESA"  MINVALUE 1 MAXVALUE 9999999999999999999999999999 INCREMENT BY 1 START WITH 54 NOCACHE  ORDER  NOCYCLE ;
--------------------------------------------------------
--  DDL for Sequence SEC_HABITACION
--------------------------------------------------------

   CREATE SEQUENCE  "HOSTALCLARITA"."SEC_HABITACION"  MINVALUE 1 MAXVALUE 9999999999999999999999999999 INCREMENT BY 1 START WITH 21 NOCACHE  ORDER  NOCYCLE ;
--------------------------------------------------------
--  DDL for Sequence SEC_HUESPED
--------------------------------------------------------

   CREATE SEQUENCE  "HOSTALCLARITA"."SEC_HUESPED"  MINVALUE 1 MAXVALUE 9999999999999999999999999999 INCREMENT BY 1 START WITH 36 NOCACHE  ORDER  NOCYCLE ;
--------------------------------------------------------
--  DDL for Sequence SEC_MONEDA
--------------------------------------------------------

   CREATE SEQUENCE  "HOSTALCLARITA"."SEC_MONEDA"  MINVALUE 1 MAXVALUE 9999999999999999999999999999 INCREMENT BY 1 START WITH 3 NOCACHE  ORDER  NOCYCLE ;
--------------------------------------------------------
--  DDL for Sequence SEC_ORDEN_PEDIDO
--------------------------------------------------------

   CREATE SEQUENCE  "HOSTALCLARITA"."SEC_ORDEN_PEDIDO"  MINVALUE 1 MAXVALUE 9999999999999999999999999999 INCREMENT BY 1 START WITH 1 NOCACHE  ORDER  NOCYCLE ;
--------------------------------------------------------
--  DDL for Sequence SEC_ORDEN_PEDIDO_DET
--------------------------------------------------------

   CREATE SEQUENCE  "HOSTALCLARITA"."SEC_ORDEN_PEDIDO_DET"  MINVALUE 1 MAXVALUE 9999999999999999999999999999 INCREMENT BY 1 START WITH 1 NOCACHE  ORDER  NOCYCLE ;
--------------------------------------------------------
--  DDL for Sequence SEC_PLATO
--------------------------------------------------------

   CREATE SEQUENCE  "HOSTALCLARITA"."SEC_PLATO"  MINVALUE 1 MAXVALUE 9999999999999999999999999999 INCREMENT BY 1 START WITH 20 NOCACHE  ORDER  NOCYCLE ;
--------------------------------------------------------
--  DDL for Sequence SEC_PRODUCTO
--------------------------------------------------------

   CREATE SEQUENCE  "HOSTALCLARITA"."SEC_PRODUCTO"  MINVALUE 1 MAXVALUE 9999999999999999999999999999 INCREMENT BY 1 START WITH 68 NOCACHE  ORDER  NOCYCLE ;
--------------------------------------------------------
--  DDL for Sequence SEC_PROVEEDOR
--------------------------------------------------------

   CREATE SEQUENCE  "HOSTALCLARITA"."SEC_PROVEEDOR"  MINVALUE 1 MAXVALUE 9999999999999999999999999999 INCREMENT BY 1 START WITH 14 NOCACHE  ORDER  NOCYCLE ;
--------------------------------------------------------
--  DDL for Sequence SEC_RESERVA
--------------------------------------------------------

   CREATE SEQUENCE  "HOSTALCLARITA"."SEC_RESERVA"  MINVALUE 1 MAXVALUE 9999999999999999999999999999 INCREMENT BY 1 START WITH 12 NOCACHE  ORDER  NOCYCLE ;
--------------------------------------------------------
--  DDL for Sequence SEC_RESERVA_DETALLE
--------------------------------------------------------

   CREATE SEQUENCE  "HOSTALCLARITA"."SEC_RESERVA_DETALLE"  MINVALUE 1 MAXVALUE 9999999999999999999999999999 INCREMENT BY 1 START WITH 1 NOCACHE  ORDER  NOCYCLE ;
--------------------------------------------------------
--  DDL for Sequence SEC_ROL_USUARIO
--------------------------------------------------------

   CREATE SEQUENCE  "HOSTALCLARITA"."SEC_ROL_USUARIO"  MINVALUE 1 MAXVALUE 9999999999999999999999999999 INCREMENT BY 1 START WITH 7 NOCACHE  ORDER  NOCYCLE ;
--------------------------------------------------------
--  DDL for Sequence SEC_RUBRO
--------------------------------------------------------

   CREATE SEQUENCE  "HOSTALCLARITA"."SEC_RUBRO"  MINVALUE 1 MAXVALUE 9999999999999999999999999999 INCREMENT BY 1 START WITH 21 NOCACHE  ORDER  NOCYCLE ;
--------------------------------------------------------
--  DDL for Sequence SEC_SERVICIO_COMEDOR
--------------------------------------------------------

   CREATE SEQUENCE  "HOSTALCLARITA"."SEC_SERVICIO_COMEDOR"  MINVALUE 1 MAXVALUE 9999999999999999999999999999 INCREMENT BY 1 START WITH 13 NOCACHE  ORDER  NOCYCLE ;
--------------------------------------------------------
--  DDL for Sequence SEC_STATUS_HABITACION
--------------------------------------------------------

   CREATE SEQUENCE  "HOSTALCLARITA"."SEC_STATUS_HABITACION"  MINVALUE 1 MAXVALUE 9999999999999999999999999999 INCREMENT BY 1 START WITH 4 NOCACHE  ORDER  NOCYCLE ;
--------------------------------------------------------
--  DDL for Sequence SEC_TIPO_CAMBIO
--------------------------------------------------------

   CREATE SEQUENCE  "HOSTALCLARITA"."SEC_TIPO_CAMBIO"  MINVALUE 1 MAXVALUE 9999999999999999999999999999 INCREMENT BY 1 START WITH 2 NOCACHE  ORDER  NOCYCLE ;
--------------------------------------------------------
--  DDL for Sequence SEC_TIPO_CAMBIO_VALOR
--------------------------------------------------------

   CREATE SEQUENCE  "HOSTALCLARITA"."SEC_TIPO_CAMBIO_VALOR"  MINVALUE 1 MAXVALUE 9999999999999999999999999999 INCREMENT BY 1 START WITH 510 NOCACHE  ORDER  NOCYCLE ;
--------------------------------------------------------
--  DDL for Sequence SEC_TIPO_HABITACION
--------------------------------------------------------

   CREATE SEQUENCE  "HOSTALCLARITA"."SEC_TIPO_HABITACION"  MINVALUE 1 MAXVALUE 9999999999999999999999999999 INCREMENT BY 1 START WITH 4 NOCACHE  ORDER  NOCYCLE ;
--------------------------------------------------------
--  DDL for Sequence SEC_TIPO_PRODUCTO
--------------------------------------------------------

   CREATE SEQUENCE  "HOSTALCLARITA"."SEC_TIPO_PRODUCTO"  MINVALUE 1 MAXVALUE 9999999999999999999999999999 INCREMENT BY 1 START WITH 14 NOCACHE  ORDER  NOCYCLE ;
--------------------------------------------------------
--  DDL for Table DIA_SEMANA
--------------------------------------------------------

  CREATE TABLE "HOSTALCLARITA"."DIA_SEMANA" 
   (	"ID_DIA_SEMANA" NUMBER(10,0), 
	"DSC_DIA_SEMANA" VARCHAR2(10 CHAR)
   ) SEGMENT CREATION IMMEDIATE 
  PCTFREE 10 PCTUSED 40 INITRANS 1 MAXTRANS 255 NOCOMPRESS LOGGING
  STORAGE(INITIAL 65536 NEXT 1048576 MINEXTENTS 1 MAXEXTENTS 2147483645
  PCTINCREASE 0 FREELISTS 1 FREELIST GROUPS 1 BUFFER_POOL DEFAULT FLASH_CACHE DEFAULT CELL_FLASH_CACHE DEFAULT)
  TABLESPACE "USERS" ;
--------------------------------------------------------
--  DDL for Table EMPLEADO
--------------------------------------------------------

  CREATE TABLE "HOSTALCLARITA"."EMPLEADO" 
   (	"ID_EMPLEADO" NUMBER(10,0), 
	"RUT_EMPLEADO" VARCHAR2(10 CHAR), 
	"NOMBRE" VARCHAR2(50 CHAR), 
	"APELLIDO" VARCHAR2(50 CHAR), 
	"TELEFONO" VARCHAR2(18 CHAR), 
	"PASS_EMPLEADO" VARCHAR2(500 CHAR), 
	"ID_ROL_USUARIO" NUMBER(10,0)
   ) SEGMENT CREATION IMMEDIATE 
  PCTFREE 10 PCTUSED 40 INITRANS 1 MAXTRANS 255 NOCOMPRESS LOGGING
  STORAGE(INITIAL 65536 NEXT 1048576 MINEXTENTS 1 MAXEXTENTS 2147483645
  PCTINCREASE 0 FREELISTS 1 FREELIST GROUPS 1 BUFFER_POOL DEFAULT FLASH_CACHE DEFAULT CELL_FLASH_CACHE DEFAULT)
  TABLESPACE "USERS" ;
--------------------------------------------------------
--  DDL for Table EMPRESA
--------------------------------------------------------

  CREATE TABLE "HOSTALCLARITA"."EMPRESA" 
   (	"ID_EMPRESA" NUMBER(10,0), 
	"NOMBRE" VARCHAR2(100 CHAR), 
	"RUT" VARCHAR2(10 CHAR), 
	"CONTRASEÑA" VARCHAR2(500 CHAR), 
	"DIRECCION" VARCHAR2(100 CHAR), 
	"TELEFONO" VARCHAR2(30 CHAR), 
	"EMAIL" VARCHAR2(50 CHAR)
   ) SEGMENT CREATION IMMEDIATE 
  PCTFREE 10 PCTUSED 40 INITRANS 1 MAXTRANS 255 NOCOMPRESS LOGGING
  STORAGE(INITIAL 65536 NEXT 1048576 MINEXTENTS 1 MAXEXTENTS 2147483645
  PCTINCREASE 0 FREELISTS 1 FREELIST GROUPS 1 BUFFER_POOL DEFAULT FLASH_CACHE DEFAULT CELL_FLASH_CACHE DEFAULT)
  TABLESPACE "USERS" ;
--------------------------------------------------------
--  DDL for Table HABITACION
--------------------------------------------------------

  CREATE TABLE "HOSTALCLARITA"."HABITACION" 
   (	"ID_HABITACION" NUMBER(10,0), 
	"PRECIO" NUMBER(18,4), 
	"ID_TIPO_HABITACION" NUMBER(10,0), 
	"ID_STATUS_HABITACION" NUMBER(10,0)
   ) SEGMENT CREATION IMMEDIATE 
  PCTFREE 10 PCTUSED 40 INITRANS 1 MAXTRANS 255 NOCOMPRESS LOGGING
  STORAGE(INITIAL 65536 NEXT 1048576 MINEXTENTS 1 MAXEXTENTS 2147483645
  PCTINCREASE 0 FREELISTS 1 FREELIST GROUPS 1 BUFFER_POOL DEFAULT FLASH_CACHE DEFAULT CELL_FLASH_CACHE DEFAULT)
  TABLESPACE "USERS" ;
--------------------------------------------------------
--  DDL for Table HUESPED
--------------------------------------------------------

  CREATE TABLE "HOSTALCLARITA"."HUESPED" 
   (	"ID_HUESPED" NUMBER(10,0), 
	"NOMBRE" VARCHAR2(50 CHAR), 
	"AP_PATERNO" VARCHAR2(50 CHAR), 
	"AP_MATERNO" VARCHAR2(50 CHAR), 
	"RUT" VARCHAR2(10 CHAR), 
	"FECHA_NAC" DATE, 
	"EMAIL" VARCHAR2(50 CHAR), 
	"SEXO" CHAR(1 BYTE), 
	"ID_EMPRESA" NUMBER(10,0)
   ) SEGMENT CREATION IMMEDIATE 
  PCTFREE 10 PCTUSED 40 INITRANS 1 MAXTRANS 255 NOCOMPRESS LOGGING
  STORAGE(INITIAL 65536 NEXT 1048576 MINEXTENTS 1 MAXEXTENTS 2147483645
  PCTINCREASE 0 FREELISTS 1 FREELIST GROUPS 1 BUFFER_POOL DEFAULT FLASH_CACHE DEFAULT CELL_FLASH_CACHE DEFAULT)
  TABLESPACE "USERS" ;
--------------------------------------------------------
--  DDL for Table MINUTA
--------------------------------------------------------

  CREATE TABLE "HOSTALCLARITA"."MINUTA" 
   (	"ID_PLATO" NUMBER(10,0), 
	"ID_SERVICIO_COMEDOR" NUMBER(10,0), 
	"ID_DIA_SEMANA" NUMBER(10,0)
   ) SEGMENT CREATION IMMEDIATE 
  PCTFREE 10 PCTUSED 40 INITRANS 1 MAXTRANS 255 NOCOMPRESS LOGGING
  STORAGE(INITIAL 65536 NEXT 1048576 MINEXTENTS 1 MAXEXTENTS 2147483645
  PCTINCREASE 0 FREELISTS 1 FREELIST GROUPS 1 BUFFER_POOL DEFAULT FLASH_CACHE DEFAULT CELL_FLASH_CACHE DEFAULT)
  TABLESPACE "USERS" ;
--------------------------------------------------------
--  DDL for Table MONEDA
--------------------------------------------------------

  CREATE TABLE "HOSTALCLARITA"."MONEDA" 
   (	"ID_MONEDA" NUMBER(10,0), 
	"DSC_MONEDA" VARCHAR2(20 CHAR), 
	"COD_MONEDA" CHAR(3 CHAR)
   ) SEGMENT CREATION IMMEDIATE 
  PCTFREE 10 PCTUSED 40 INITRANS 1 MAXTRANS 255 NOCOMPRESS LOGGING
  STORAGE(INITIAL 65536 NEXT 1048576 MINEXTENTS 1 MAXEXTENTS 2147483645
  PCTINCREASE 0 FREELISTS 1 FREELIST GROUPS 1 BUFFER_POOL DEFAULT FLASH_CACHE DEFAULT CELL_FLASH_CACHE DEFAULT)
  TABLESPACE "USERS" ;
--------------------------------------------------------
--  DDL for Table ORDEN_PEDIDO
--------------------------------------------------------

  CREATE TABLE "HOSTALCLARITA"."ORDEN_PEDIDO" 
   (	"ID_ORDEN_PEDIDO" NUMBER(10,0), 
	"ID_PROVEEDOR" NUMBER(10,0), 
	"FECHA_SOLICITUD" DATE, 
	"FECHA_RECEPCION" DATE, 
	"OBSERVACIONES" VARCHAR2(500 CHAR)
   ) SEGMENT CREATION IMMEDIATE 
  PCTFREE 10 PCTUSED 40 INITRANS 1 MAXTRANS 255 NOCOMPRESS LOGGING
  STORAGE(INITIAL 65536 NEXT 1048576 MINEXTENTS 1 MAXEXTENTS 2147483645
  PCTINCREASE 0 FREELISTS 1 FREELIST GROUPS 1 BUFFER_POOL DEFAULT FLASH_CACHE DEFAULT CELL_FLASH_CACHE DEFAULT)
  TABLESPACE "USERS" ;
--------------------------------------------------------
--  DDL for Table ORDEN_PEDIDO_DET
--------------------------------------------------------

  CREATE TABLE "HOSTALCLARITA"."ORDEN_PEDIDO_DET" 
   (	"ID_ORDEN_PEDIDO_DET" NUMBER(10,0), 
	"ID_ORDEN_PEDIDO" NUMBER(10,0), 
	"SEC_ORDEN_PEDIDO_DET" NUMBER(3,0), 
	"ID_PRODUCTO" NUMBER(10,0), 
	"CANTIDAD" NUMBER(10,0), 
	"PRECIO_UNITARIO" NUMBER(18,4), 
	"MONTO_TOTAL_OP" NUMBER(18,4)
   ) SEGMENT CREATION IMMEDIATE 
  PCTFREE 10 PCTUSED 40 INITRANS 1 MAXTRANS 255 NOCOMPRESS LOGGING
  STORAGE(INITIAL 65536 NEXT 1048576 MINEXTENTS 1 MAXEXTENTS 2147483645
  PCTINCREASE 0 FREELISTS 1 FREELIST GROUPS 1 BUFFER_POOL DEFAULT FLASH_CACHE DEFAULT CELL_FLASH_CACHE DEFAULT)
  TABLESPACE "USERS" ;
--------------------------------------------------------
--  DDL for Table PLATO
--------------------------------------------------------

  CREATE TABLE "HOSTALCLARITA"."PLATO" 
   (	"ID_PLATO" NUMBER(10,0), 
	"DSC_PLATO" VARCHAR2(50 CHAR), 
	"PRECIO" NUMBER(18,4)
   ) SEGMENT CREATION IMMEDIATE 
  PCTFREE 10 PCTUSED 40 INITRANS 1 MAXTRANS 255 NOCOMPRESS LOGGING
  STORAGE(INITIAL 65536 NEXT 1048576 MINEXTENTS 1 MAXEXTENTS 2147483645
  PCTINCREASE 0 FREELISTS 1 FREELIST GROUPS 1 BUFFER_POOL DEFAULT FLASH_CACHE DEFAULT CELL_FLASH_CACHE DEFAULT)
  TABLESPACE "USERS" ;
--------------------------------------------------------
--  DDL for Table PROD_FINAL
--------------------------------------------------------

  CREATE TABLE "HOSTALCLARITA"."PROD_FINAL" 
   (	"ID" NUMBER, 
	"DSC" VARCHAR2(60 BYTE)
   ) SEGMENT CREATION IMMEDIATE 
  PCTFREE 10 PCTUSED 40 INITRANS 1 MAXTRANS 255 NOCOMPRESS LOGGING
  STORAGE(INITIAL 65536 NEXT 1048576 MINEXTENTS 1 MAXEXTENTS 2147483645
  PCTINCREASE 0 FREELISTS 1 FREELIST GROUPS 1 BUFFER_POOL DEFAULT FLASH_CACHE DEFAULT CELL_FLASH_CACHE DEFAULT)
  TABLESPACE "USERS" ;
--------------------------------------------------------
--  DDL for Table PRODUCTO
--------------------------------------------------------

  CREATE TABLE "HOSTALCLARITA"."PRODUCTO" 
   (	"ID_PRODUCTO" NUMBER(10,0), 
	"DSC_PRODUCTO" VARCHAR2(100 CHAR), 
	"ID_TIPO_PRODUCTO" NUMBER(10,0), 
	"ID_PROVEEDOR" NUMBER(10,0), 
	"FECHA_VENCIMIENTO" DATE, 
	"PRECIO" NUMBER(*,0), 
	"STOCK" NUMBER(*,0), 
	"STOCK_CRITICO" NUMBER(*,0)
   ) SEGMENT CREATION IMMEDIATE 
  PCTFREE 10 PCTUSED 40 INITRANS 1 MAXTRANS 255 NOCOMPRESS LOGGING
  STORAGE(INITIAL 65536 NEXT 1048576 MINEXTENTS 1 MAXEXTENTS 2147483645
  PCTINCREASE 0 FREELISTS 1 FREELIST GROUPS 1 BUFFER_POOL DEFAULT FLASH_CACHE DEFAULT CELL_FLASH_CACHE DEFAULT)
  TABLESPACE "USERS" ;
--------------------------------------------------------
--  DDL for Table PROVEEDOR
--------------------------------------------------------

  CREATE TABLE "HOSTALCLARITA"."PROVEEDOR" 
   (	"ID_PROVEEDOR" NUMBER(10,0), 
	"RUT_PROVEEDOR" VARCHAR2(10 CHAR), 
	"ID_RUBRO" NUMBER(10,0), 
	"NOMBRE_PROVEEDOR" VARCHAR2(50 CHAR), 
	"DIRECCION_PROV" VARCHAR2(50 CHAR), 
	"TELEFONO_PROV" VARCHAR2(18 CHAR), 
	"NOMBRE_CONTACTO" VARCHAR2(100 CHAR), 
	"TELEFONO_CONTACTO" VARCHAR2(20 CHAR), 
	"EMAIL_CONTACTO" VARCHAR2(50 CHAR)
   ) SEGMENT CREATION IMMEDIATE 
  PCTFREE 10 PCTUSED 40 INITRANS 1 MAXTRANS 255 NOCOMPRESS LOGGING
  STORAGE(INITIAL 65536 NEXT 1048576 MINEXTENTS 1 MAXEXTENTS 2147483645
  PCTINCREASE 0 FREELISTS 1 FREELIST GROUPS 1 BUFFER_POOL DEFAULT FLASH_CACHE DEFAULT CELL_FLASH_CACHE DEFAULT)
  TABLESPACE "USERS" ;
--------------------------------------------------------
--  DDL for Table RESERVA
--------------------------------------------------------

  CREATE TABLE "HOSTALCLARITA"."RESERVA" 
   (	"ID_RESERVA" NUMBER(10,0), 
	"ID_EMPRESA" NUMBER(10,0), 
	"FECHA_CHECKIN" DATE, 
	"FECHA_CHECKOUT" DATE, 
	"CANT_HUESPEDES" NUMBER(3,0)
   ) SEGMENT CREATION IMMEDIATE 
  PCTFREE 10 PCTUSED 40 INITRANS 1 MAXTRANS 255 NOCOMPRESS LOGGING
  STORAGE(INITIAL 65536 NEXT 1048576 MINEXTENTS 1 MAXEXTENTS 2147483645
  PCTINCREASE 0 FREELISTS 1 FREELIST GROUPS 1 BUFFER_POOL DEFAULT FLASH_CACHE DEFAULT CELL_FLASH_CACHE DEFAULT)
  TABLESPACE "USERS" ;
--------------------------------------------------------
--  DDL for Table RESERVA_DETALLE
--------------------------------------------------------

  CREATE TABLE "HOSTALCLARITA"."RESERVA_DETALLE" 
   (	"ID_RESERVA_DETALLE" NUMBER(10,0), 
	"ID_RESERVA" NUMBER(10,0), 
	"ID_HABITACION" NUMBER(10,0), 
	"ID_HUESPED" NUMBER(10,0), 
	"CONFIRMA_RESERVA" CHAR(1 BYTE)
   ) SEGMENT CREATION IMMEDIATE 
  PCTFREE 10 PCTUSED 40 INITRANS 1 MAXTRANS 255 NOCOMPRESS LOGGING
  STORAGE(INITIAL 65536 NEXT 1048576 MINEXTENTS 1 MAXEXTENTS 2147483645
  PCTINCREASE 0 FREELISTS 1 FREELIST GROUPS 1 BUFFER_POOL DEFAULT FLASH_CACHE DEFAULT CELL_FLASH_CACHE DEFAULT)
  TABLESPACE "USERS" ;
--------------------------------------------------------
--  DDL for Table ROL_USUARIO
--------------------------------------------------------

  CREATE TABLE "HOSTALCLARITA"."ROL_USUARIO" 
   (	"ID_ROL_USUARIO" NUMBER(10,0), 
	"ROL_USUARIO" VARCHAR2(50 CHAR), 
	"DESCRIPCION" VARCHAR2(200 CHAR)
   ) SEGMENT CREATION IMMEDIATE 
  PCTFREE 10 PCTUSED 40 INITRANS 1 MAXTRANS 255 NOCOMPRESS LOGGING
  STORAGE(INITIAL 65536 NEXT 1048576 MINEXTENTS 1 MAXEXTENTS 2147483645
  PCTINCREASE 0 FREELISTS 1 FREELIST GROUPS 1 BUFFER_POOL DEFAULT FLASH_CACHE DEFAULT CELL_FLASH_CACHE DEFAULT)
  TABLESPACE "USERS" ;
--------------------------------------------------------
--  DDL for Table RUBRO
--------------------------------------------------------

  CREATE TABLE "HOSTALCLARITA"."RUBRO" 
   (	"ID_RUBRO" NUMBER(10,0), 
	"DSC_RUBRO" VARCHAR2(100 CHAR)
   ) SEGMENT CREATION IMMEDIATE 
  PCTFREE 10 PCTUSED 40 INITRANS 1 MAXTRANS 255 NOCOMPRESS LOGGING
  STORAGE(INITIAL 65536 NEXT 1048576 MINEXTENTS 1 MAXEXTENTS 2147483645
  PCTINCREASE 0 FREELISTS 1 FREELIST GROUPS 1 BUFFER_POOL DEFAULT FLASH_CACHE DEFAULT CELL_FLASH_CACHE DEFAULT)
  TABLESPACE "USERS" ;
--------------------------------------------------------
--  DDL for Table SERVICIO_COMEDOR
--------------------------------------------------------

  CREATE TABLE "HOSTALCLARITA"."SERVICIO_COMEDOR" 
   (	"ID_SERVICIO_COMEDOR" NUMBER(10,0), 
	"DSC_SERVICIO_COMEDOR" VARCHAR2(50 BYTE), 
	"EST_SERVICIO_COMEDOR" CHAR(3 CHAR)
   ) SEGMENT CREATION IMMEDIATE 
  PCTFREE 10 PCTUSED 40 INITRANS 1 MAXTRANS 255 NOCOMPRESS LOGGING
  STORAGE(INITIAL 65536 NEXT 1048576 MINEXTENTS 1 MAXEXTENTS 2147483645
  PCTINCREASE 0 FREELISTS 1 FREELIST GROUPS 1 BUFFER_POOL DEFAULT FLASH_CACHE DEFAULT CELL_FLASH_CACHE DEFAULT)
  TABLESPACE "USERS" ;
--------------------------------------------------------
--  DDL for Table STATUS_HABITACION
--------------------------------------------------------

  CREATE TABLE "HOSTALCLARITA"."STATUS_HABITACION" 
   (	"ID_STATUS_HABITACION" NUMBER(10,0), 
	"COD_STATUS_HABITACION" CHAR(4 CHAR), 
	"DSC_STATUS_HABITACION" VARCHAR2(50 CHAR)
   ) SEGMENT CREATION IMMEDIATE 
  PCTFREE 10 PCTUSED 40 INITRANS 1 MAXTRANS 255 NOCOMPRESS LOGGING
  STORAGE(INITIAL 65536 NEXT 1048576 MINEXTENTS 1 MAXEXTENTS 2147483645
  PCTINCREASE 0 FREELISTS 1 FREELIST GROUPS 1 BUFFER_POOL DEFAULT FLASH_CACHE DEFAULT CELL_FLASH_CACHE DEFAULT)
  TABLESPACE "USERS" ;
--------------------------------------------------------
--  DDL for Table TIPO_CAMBIO
--------------------------------------------------------

  CREATE TABLE "HOSTALCLARITA"."TIPO_CAMBIO" 
   (	"ID_TIPO_CAMBIO" NUMBER(10,0), 
	"ID_MONEDA_ORIGEN" NUMBER(10,0), 
	"DSC_MONEDA_ORIGEN" CHAR(3 CHAR), 
	"ID_MONEDA_DESTINO" NUMBER(10,0), 
	"DSC_MONEDA_DESTINO" CHAR(3 CHAR), 
	"DSC_TIPO_CAMBIO" VARCHAR2(30 CHAR), 
	"EST_TIPO_CAMBIO" CHAR(3 CHAR)
   ) SEGMENT CREATION IMMEDIATE 
  PCTFREE 10 PCTUSED 40 INITRANS 1 MAXTRANS 255 NOCOMPRESS LOGGING
  STORAGE(INITIAL 65536 NEXT 1048576 MINEXTENTS 1 MAXEXTENTS 2147483645
  PCTINCREASE 0 FREELISTS 1 FREELIST GROUPS 1 BUFFER_POOL DEFAULT FLASH_CACHE DEFAULT CELL_FLASH_CACHE DEFAULT)
  TABLESPACE "USERS" ;
--------------------------------------------------------
--  DDL for Table TIPO_CAMBIO_VALOR
--------------------------------------------------------

  CREATE TABLE "HOSTALCLARITA"."TIPO_CAMBIO_VALOR" 
   (	"ID_TIPO_CAMBIO_VALOR" NUMBER(10,0), 
	"ID_TIPO_CAMBIO" NUMBER(10,0), 
	"FECHA" DATE, 
	"VALOR_TIPO_CAMBIO" NUMBER(10,4)
   ) SEGMENT CREATION IMMEDIATE 
  PCTFREE 10 PCTUSED 40 INITRANS 1 MAXTRANS 255 NOCOMPRESS LOGGING
  STORAGE(INITIAL 65536 NEXT 1048576 MINEXTENTS 1 MAXEXTENTS 2147483645
  PCTINCREASE 0 FREELISTS 1 FREELIST GROUPS 1 BUFFER_POOL DEFAULT FLASH_CACHE DEFAULT CELL_FLASH_CACHE DEFAULT)
  TABLESPACE "USERS" ;
--------------------------------------------------------
--  DDL for Table TIPO_HABITACION
--------------------------------------------------------

  CREATE TABLE "HOSTALCLARITA"."TIPO_HABITACION" 
   (	"ID_TIPO_HABITACION" NUMBER(10,0), 
	"DSC_TIPO_HABITACION" VARCHAR2(50 CHAR), 
	"COD_TIPO_HABITACION" VARCHAR2(10 CHAR)
   ) SEGMENT CREATION IMMEDIATE 
  PCTFREE 10 PCTUSED 40 INITRANS 1 MAXTRANS 255 NOCOMPRESS LOGGING
  STORAGE(INITIAL 65536 NEXT 1048576 MINEXTENTS 1 MAXEXTENTS 2147483645
  PCTINCREASE 0 FREELISTS 1 FREELIST GROUPS 1 BUFFER_POOL DEFAULT FLASH_CACHE DEFAULT CELL_FLASH_CACHE DEFAULT)
  TABLESPACE "USERS" ;
--------------------------------------------------------
--  DDL for Table TIPO_PRODUCTO
--------------------------------------------------------

  CREATE TABLE "HOSTALCLARITA"."TIPO_PRODUCTO" 
   (	"ID_TIPO_PRODUCTO" NUMBER(10,0), 
	"DSC_TIPO_PRODUCTO" VARCHAR2(100 CHAR)
   ) SEGMENT CREATION IMMEDIATE 
  PCTFREE 10 PCTUSED 40 INITRANS 1 MAXTRANS 255 NOCOMPRESS LOGGING
  STORAGE(INITIAL 65536 NEXT 1048576 MINEXTENTS 1 MAXEXTENTS 2147483645
  PCTINCREASE 0 FREELISTS 1 FREELIST GROUPS 1 BUFFER_POOL DEFAULT FLASH_CACHE DEFAULT CELL_FLASH_CACHE DEFAULT)
  TABLESPACE "USERS" ;
REM INSERTING into HOSTALCLARITA.DIA_SEMANA
SET DEFINE OFF;
Insert into HOSTALCLARITA.DIA_SEMANA (ID_DIA_SEMANA,DSC_DIA_SEMANA) values ('1','LUNES');
Insert into HOSTALCLARITA.DIA_SEMANA (ID_DIA_SEMANA,DSC_DIA_SEMANA) values ('2','MARTES');
Insert into HOSTALCLARITA.DIA_SEMANA (ID_DIA_SEMANA,DSC_DIA_SEMANA) values ('3','MIERCOLES');
Insert into HOSTALCLARITA.DIA_SEMANA (ID_DIA_SEMANA,DSC_DIA_SEMANA) values ('4','JUEVES');
Insert into HOSTALCLARITA.DIA_SEMANA (ID_DIA_SEMANA,DSC_DIA_SEMANA) values ('5','VIERNES');
Insert into HOSTALCLARITA.DIA_SEMANA (ID_DIA_SEMANA,DSC_DIA_SEMANA) values ('6','SABADO');
Insert into HOSTALCLARITA.DIA_SEMANA (ID_DIA_SEMANA,DSC_DIA_SEMANA) values ('7','DOMINGO');
REM INSERTING into HOSTALCLARITA.EMPLEADO
SET DEFINE OFF;
Insert into HOSTALCLARITA.EMPLEADO (ID_EMPLEADO,RUT_EMPLEADO,NOMBRE,APELLIDO,TELEFONO,PASS_EMPLEADO,ID_ROL_USUARIO) values ('1','159933687','Patricio','Palominos','123456789','ke0r1a','3');
Insert into HOSTALCLARITA.EMPLEADO (ID_EMPLEADO,RUT_EMPLEADO,NOMBRE,APELLIDO,TELEFONO,PASS_EMPLEADO,ID_ROL_USUARIO) values ('2','11','Test','Test','123123','123123','3');
REM INSERTING into HOSTALCLARITA.EMPRESA
SET DEFINE OFF;
Insert into HOSTALCLARITA.EMPRESA (ID_EMPRESA,NOMBRE,RUT,"CONTRASEÑA",DIRECCION,TELEFONO,EMAIL) values ('5','CARMELITA S.A','55466854-6','55994','Alameda1633','229865444','contacto@carmelita.cl');
Insert into HOSTALCLARITA.EMPRESA (ID_EMPRESA,NOMBRE,RUT,"CONTRASEÑA",DIRECCION,TELEFONO,EMAIL) values ('52','QB Software','7891009','sa123','My House','987654321','empresa@qb.com');
Insert into HOSTALCLARITA.EMPRESA (ID_EMPRESA,NOMBRE,RUT,"CONTRASEÑA",DIRECCION,TELEFONO,EMAIL) values ('2','FRUTERIAVEGA S.A','77519606-5','4455','QUILICURA 666','229765547','frutasvega@vega.cl');
Insert into HOSTALCLARITA.EMPRESA (ID_EMPRESA,NOMBRE,RUT,"CONTRASEÑA",DIRECCION,TELEFONO,EMAIL) values ('26','BARROS','13333333-5','143234','Agustinas 1098','222322222','23@344DFDFD.CL');
Insert into HOSTALCLARITA.EMPRESA (ID_EMPRESA,NOMBRE,RUT,"CONTRASEÑA",DIRECCION,TELEFONO,EMAIL) values ('48','DEFINI','66777888-6','11223344','Av. La Florida 1933','222334438','defini@contacto.cl');
Insert into HOSTALCLARITA.EMPRESA (ID_EMPRESA,NOMBRE,RUT,"CONTRASEÑA",DIRECCION,TELEFONO,EMAIL) values ('1','SOPROLE','66456765-0','123','Av. Vicuña Mackena 1980','229765545','ventas@soprole.cl');
Insert into HOSTALCLARITA.EMPRESA (ID_EMPRESA,NOMBRE,RUT,"CONTRASEÑA",DIRECCION,TELEFONO,EMAIL) values ('3','SPARTA','34988434-5','66666','Pudahuel 1345','225677654','personal@sparta.cl');
Insert into HOSTALCLARITA.EMPRESA (ID_EMPRESA,NOMBRE,RUT,"CONTRASEÑA",DIRECCION,TELEFONO,EMAIL) values ('6','SEAGATE','65555666-5','123456','Vitacura 1678','223344321','seagate@contacto.com');
Insert into HOSTALCLARITA.EMPRESA (ID_EMPRESA,NOMBRE,RUT,"CONTRASEÑA",DIRECCION,TELEFONO,EMAIL) values ('4','SALLOBOS S.A','86333498-6','44556','Independencia 1567','222620379','rrhh@sallobos.cl');
REM INSERTING into HOSTALCLARITA.HABITACION
SET DEFINE OFF;
Insert into HOSTALCLARITA.HABITACION (ID_HABITACION,PRECIO,ID_TIPO_HABITACION,ID_STATUS_HABITACION) values ('2323','50000','1','1');
Insert into HOSTALCLARITA.HABITACION (ID_HABITACION,PRECIO,ID_TIPO_HABITACION,ID_STATUS_HABITACION) values ('1','50000','1','2');
Insert into HOSTALCLARITA.HABITACION (ID_HABITACION,PRECIO,ID_TIPO_HABITACION,ID_STATUS_HABITACION) values ('19','25000','2','1');
Insert into HOSTALCLARITA.HABITACION (ID_HABITACION,PRECIO,ID_TIPO_HABITACION,ID_STATUS_HABITACION) values ('2','25000','2','1');
Insert into HOSTALCLARITA.HABITACION (ID_HABITACION,PRECIO,ID_TIPO_HABITACION,ID_STATUS_HABITACION) values ('3','50000','1','1');
Insert into HOSTALCLARITA.HABITACION (ID_HABITACION,PRECIO,ID_TIPO_HABITACION,ID_STATUS_HABITACION) values ('4','25000','2','1');
Insert into HOSTALCLARITA.HABITACION (ID_HABITACION,PRECIO,ID_TIPO_HABITACION,ID_STATUS_HABITACION) values ('5','15000','3','1');
Insert into HOSTALCLARITA.HABITACION (ID_HABITACION,PRECIO,ID_TIPO_HABITACION,ID_STATUS_HABITACION) values ('6','50000','1','1');
Insert into HOSTALCLARITA.HABITACION (ID_HABITACION,PRECIO,ID_TIPO_HABITACION,ID_STATUS_HABITACION) values ('7','50000','1','1');
Insert into HOSTALCLARITA.HABITACION (ID_HABITACION,PRECIO,ID_TIPO_HABITACION,ID_STATUS_HABITACION) values ('8','50000','1','3');
Insert into HOSTALCLARITA.HABITACION (ID_HABITACION,PRECIO,ID_TIPO_HABITACION,ID_STATUS_HABITACION) values ('9','25000','2','1');
Insert into HOSTALCLARITA.HABITACION (ID_HABITACION,PRECIO,ID_TIPO_HABITACION,ID_STATUS_HABITACION) values ('10','25000','2','2');
Insert into HOSTALCLARITA.HABITACION (ID_HABITACION,PRECIO,ID_TIPO_HABITACION,ID_STATUS_HABITACION) values ('11','25000','2','1');
Insert into HOSTALCLARITA.HABITACION (ID_HABITACION,PRECIO,ID_TIPO_HABITACION,ID_STATUS_HABITACION) values ('12','15000','3','1');
Insert into HOSTALCLARITA.HABITACION (ID_HABITACION,PRECIO,ID_TIPO_HABITACION,ID_STATUS_HABITACION) values ('13','15000','3','2');
Insert into HOSTALCLARITA.HABITACION (ID_HABITACION,PRECIO,ID_TIPO_HABITACION,ID_STATUS_HABITACION) values ('14','15000','3','3');
Insert into HOSTALCLARITA.HABITACION (ID_HABITACION,PRECIO,ID_TIPO_HABITACION,ID_STATUS_HABITACION) values ('20','25000','2','3');
REM INSERTING into HOSTALCLARITA.HUESPED
SET DEFINE OFF;
Insert into HOSTALCLARITA.HUESPED (ID_HUESPED,NOMBRE,AP_PATERNO,AP_MATERNO,RUT,FECHA_NAC,EMAIL,SEXO,ID_EMPRESA) values ('4','Roger','Federer','Slutt','13988555-5',to_date('12/03/81','DD/MM/RR'),'sumajestad@atp.com','M','4');
Insert into HOSTALCLARITA.HUESPED (ID_HUESPED,NOMBRE,AP_PATERNO,AP_MATERNO,RUT,FECHA_NAC,EMAIL,SEXO,ID_EMPRESA) values ('33','Tiger','Woods','Woods','12543555-3',to_date('02/07/74','DD/MM/RR'),'tiger@golf.com','M','1');
Insert into HOSTALCLARITA.HUESPED (ID_HUESPED,NOMBRE,AP_PATERNO,AP_MATERNO,RUT,FECHA_NAC,EMAIL,SEXO,ID_EMPRESA) values ('6','Michael','Jordan','Bulls','11987666-5',to_date('02/12/70','DD/MM/RR'),'jordan@nba.com','M','3');
Insert into HOSTALCLARITA.HUESPED (ID_HUESPED,NOMBRE,AP_PATERNO,AP_MATERNO,RUT,FECHA_NAC,EMAIL,SEXO,ID_EMPRESA) values ('3','Lewis','Davidson','Hamilton','14564666-3',to_date('24/05/90','DD/MM/RR'),'hamilton@f1.com','M','5');
Insert into HOSTALCLARITA.HUESPED (ID_HUESPED,NOMBRE,AP_PATERNO,AP_MATERNO,RUT,FECHA_NAC,EMAIL,SEXO,ID_EMPRESA) values ('2','Ana','Ivanovic','Klistman','18344555-4',to_date('06/11/87','DD/MM/RR'),'ivanovic@wta.com','F','2');
Insert into HOSTALCLARITA.HUESPED (ID_HUESPED,NOMBRE,AP_PATERNO,AP_MATERNO,RUT,FECHA_NAC,EMAIL,SEXO,ID_EMPRESA) values ('5','Angelique ','kerber','Berger','16354887-4',to_date('18/01/88','DD/MM/RR'),'kerber@wta.com','F','4');
Insert into HOSTALCLARITA.HUESPED (ID_HUESPED,NOMBRE,AP_PATERNO,AP_MATERNO,RUT,FECHA_NAC,EMAIL,SEXO,ID_EMPRESA) values ('1','Hector','Puebla','Saavedra','9566887-6',to_date('05/12/55','DD/MM/RR'),'ligua@cobreloa.cl','M','3');
Insert into HOSTALCLARITA.HUESPED (ID_HUESPED,NOMBRE,AP_PATERNO,AP_MATERNO,RUT,FECHA_NAC,EMAIL,SEXO,ID_EMPRESA) values ('8','Marcelo','Salas','Jiménez','12333546-5',to_date('20/06/70','DD/MM/RR'),'matador@udechile.cl','M','6');
Insert into HOSTALCLARITA.HUESPED (ID_HUESPED,NOMBRE,AP_PATERNO,AP_MATERNO,RUT,FECHA_NAC,EMAIL,SEXO,ID_EMPRESA) values ('7','Mario','Osben','Osben','9354765-k',to_date('05/06/59','DD/MM/RR'),'gato@cobreloa.cl','M','6');
Insert into HOSTALCLARITA.HUESPED (ID_HUESPED,NOMBRE,AP_PATERNO,AP_MATERNO,RUT,FECHA_NAC,EMAIL,SEXO,ID_EMPRESA) values ('9','Marcela','Arias','Faundez','13545688-5',to_date('27/06/90','DD/MM/RR'),'marcef@gmail.cl','F','52');
Insert into HOSTALCLARITA.HUESPED (ID_HUESPED,NOMBRE,AP_PATERNO,AP_MATERNO,RUT,FECHA_NAC,EMAIL,SEXO,ID_EMPRESA) values ('10','Marcelo','Espina','Espina','9366444-4',to_date('06/06/72','DD/MM/RR'),'espina@gmail.cl','M','26');
Insert into HOSTALCLARITA.HUESPED (ID_HUESPED,NOMBRE,AP_PATERNO,AP_MATERNO,RUT,FECHA_NAC,EMAIL,SEXO,ID_EMPRESA) values ('11','Esteban','Figueroa','Gonzalez','13543668-5',to_date('06/06/85','DD/MM/RR'),'estebanf@gmail.com','M','48');
Insert into HOSTALCLARITA.HUESPED (ID_HUESPED,NOMBRE,AP_PATERNO,AP_MATERNO,RUT,FECHA_NAC,EMAIL,SEXO,ID_EMPRESA) values ('12','Patricia','Gonzalez','Saavedra','12444555-4',to_date('21/06/94','DD/MM/RR'),'pati@gmail.com','F','5');
Insert into HOSTALCLARITA.HUESPED (ID_HUESPED,NOMBRE,AP_PATERNO,AP_MATERNO,RUT,FECHA_NAC,EMAIL,SEXO,ID_EMPRESA) values ('13','Nicolas','Vidal','Ceas','16333988-5',to_date('21/06/98','DD/MM/RR'),'nicov@gmail.cl','M','5');
Insert into HOSTALCLARITA.HUESPED (ID_HUESPED,NOMBRE,AP_PATERNO,AP_MATERNO,RUT,FECHA_NAC,EMAIL,SEXO,ID_EMPRESA) values ('14','Lucas','Pereira','Saavedra','13443675-6',to_date('13/06/89','DD/MM/RR'),'lucaspr@gmail.com','M','5');
Insert into HOSTALCLARITA.HUESPED (ID_HUESPED,NOMBRE,AP_PATERNO,AP_MATERNO,RUT,FECHA_NAC,EMAIL,SEXO,ID_EMPRESA) values ('15','Juan','Cobarruvias','Miranda','9444654-6',to_date('10/06/75','DD/MM/RR'),'cobarrub@gmail.com','M','3');
Insert into HOSTALCLARITA.HUESPED (ID_HUESPED,NOMBRE,AP_PATERNO,AP_MATERNO,RUT,FECHA_NAC,EMAIL,SEXO,ID_EMPRESA) values ('16','Leonardo','Canales','Cabrera','8554346-5',to_date('29/06/69','DD/MM/RR'),'leo@cobreloa.cl','M','3');
Insert into HOSTALCLARITA.HUESPED (ID_HUESPED,NOMBRE,AP_PATERNO,AP_MATERNO,RUT,FECHA_NAC,EMAIL,SEXO,ID_EMPRESA) values ('35','patricio','paloinos','cornajo','159933687',to_date('23/04/18','DD/MM/RR'),'lñif@lkj.com','M','5');
Insert into HOSTALCLARITA.HUESPED (ID_HUESPED,NOMBRE,AP_PATERNO,AP_MATERNO,RUT,FECHA_NAC,EMAIL,SEXO,ID_EMPRESA) values ('19','Steve','Harris','maiden','8546557-6',to_date('30/06/62','DD/MM/RR'),'maiden@maiden.com','M','26');
Insert into HOSTALCLARITA.HUESPED (ID_HUESPED,NOMBRE,AP_PATERNO,AP_MATERNO,RUT,FECHA_NAC,EMAIL,SEXO,ID_EMPRESA) values ('17','Maria','Perez','Tapia','14576557-5',to_date('25/06/94','DD/MM/RR'),'mariapz@gmail.com','F','52');
Insert into HOSTALCLARITA.HUESPED (ID_HUESPED,NOMBRE,AP_PATERNO,AP_MATERNO,RUT,FECHA_NAC,EMAIL,SEXO,ID_EMPRESA) values ('18','Alexis','Sanchez','Sanchez','17858334-5',to_date('01/05/90','DD/MM/RR'),'maravilla@anfp.cl','M','2');
REM INSERTING into HOSTALCLARITA.MINUTA
SET DEFINE OFF;
Insert into HOSTALCLARITA.MINUTA (ID_PLATO,ID_SERVICIO_COMEDOR,ID_DIA_SEMANA) values ('1','10','1');
Insert into HOSTALCLARITA.MINUTA (ID_PLATO,ID_SERVICIO_COMEDOR,ID_DIA_SEMANA) values ('2','8','1');
Insert into HOSTALCLARITA.MINUTA (ID_PLATO,ID_SERVICIO_COMEDOR,ID_DIA_SEMANA) values ('3','10','2');
Insert into HOSTALCLARITA.MINUTA (ID_PLATO,ID_SERVICIO_COMEDOR,ID_DIA_SEMANA) values ('4','9','3');
Insert into HOSTALCLARITA.MINUTA (ID_PLATO,ID_SERVICIO_COMEDOR,ID_DIA_SEMANA) values ('7','8','5');
Insert into HOSTALCLARITA.MINUTA (ID_PLATO,ID_SERVICIO_COMEDOR,ID_DIA_SEMANA) values ('8','8','2');
Insert into HOSTALCLARITA.MINUTA (ID_PLATO,ID_SERVICIO_COMEDOR,ID_DIA_SEMANA) values ('9','10','3');
Insert into HOSTALCLARITA.MINUTA (ID_PLATO,ID_SERVICIO_COMEDOR,ID_DIA_SEMANA) values ('11','9','1');
Insert into HOSTALCLARITA.MINUTA (ID_PLATO,ID_SERVICIO_COMEDOR,ID_DIA_SEMANA) values ('12','9','5');
Insert into HOSTALCLARITA.MINUTA (ID_PLATO,ID_SERVICIO_COMEDOR,ID_DIA_SEMANA) values ('13','10','5');
Insert into HOSTALCLARITA.MINUTA (ID_PLATO,ID_SERVICIO_COMEDOR,ID_DIA_SEMANA) values ('14','8','3');
Insert into HOSTALCLARITA.MINUTA (ID_PLATO,ID_SERVICIO_COMEDOR,ID_DIA_SEMANA) values ('15','9','4');
Insert into HOSTALCLARITA.MINUTA (ID_PLATO,ID_SERVICIO_COMEDOR,ID_DIA_SEMANA) values ('17','10','4');
Insert into HOSTALCLARITA.MINUTA (ID_PLATO,ID_SERVICIO_COMEDOR,ID_DIA_SEMANA) values ('18','9','2');
Insert into HOSTALCLARITA.MINUTA (ID_PLATO,ID_SERVICIO_COMEDOR,ID_DIA_SEMANA) values ('19','8','4');
REM INSERTING into HOSTALCLARITA.MONEDA
SET DEFINE OFF;
Insert into HOSTALCLARITA.MONEDA (ID_MONEDA,DSC_MONEDA,COD_MONEDA) values ('1','PESO CHILENO','CLP');
Insert into HOSTALCLARITA.MONEDA (ID_MONEDA,DSC_MONEDA,COD_MONEDA) values ('2','DOLAR ESTADOUNIDENSE','USD');
REM INSERTING into HOSTALCLARITA.ORDEN_PEDIDO
SET DEFINE OFF;
Insert into HOSTALCLARITA.ORDEN_PEDIDO (ID_ORDEN_PEDIDO,ID_PROVEEDOR,FECHA_SOLICITUD,FECHA_RECEPCION,OBSERVACIONES) values ('1','1',to_date('24/06/18','DD/MM/RR'),to_date('24/06/18','DD/MM/RR'),'bebidas 2 litros');
REM INSERTING into HOSTALCLARITA.ORDEN_PEDIDO_DET
SET DEFINE OFF;
Insert into HOSTALCLARITA.ORDEN_PEDIDO_DET (ID_ORDEN_PEDIDO_DET,ID_ORDEN_PEDIDO,SEC_ORDEN_PEDIDO_DET,ID_PRODUCTO,CANTIDAD,PRECIO_UNITARIO,MONTO_TOTAL_OP) values ('1','1','1','1','20','2000','40000');
REM INSERTING into HOSTALCLARITA.PLATO
SET DEFINE OFF;
Insert into HOSTALCLARITA.PLATO (ID_PLATO,DSC_PLATO,PRECIO) values ('1','Tallarines con Salsa Boloñesa','2500');
Insert into HOSTALCLARITA.PLATO (ID_PLATO,DSC_PLATO,PRECIO) values ('2','Carne mechada con Arroz','3500');
Insert into HOSTALCLARITA.PLATO (ID_PLATO,DSC_PLATO,PRECIO) values ('3','Pollo Arverjado + Acompañamiento','2500');
Insert into HOSTALCLARITA.PLATO (ID_PLATO,DSC_PLATO,PRECIO) values ('4','Carpaccio de Salmon con Alcaparras','4500');
Insert into HOSTALCLARITA.PLATO (ID_PLATO,DSC_PLATO,PRECIO) values ('5','Salmon al Horno + Agregado','3500');
Insert into HOSTALCLARITA.PLATO (ID_PLATO,DSC_PLATO,PRECIO) values ('6','Plato Vegetariano','5500');
Insert into HOSTALCLARITA.PLATO (ID_PLATO,DSC_PLATO,PRECIO) values ('7','Pechuga de Pollo a la Plancha + Agregado','3000');
Insert into HOSTALCLARITA.PLATO (ID_PLATO,DSC_PLATO,PRECIO) values ('8','Pescado Frito con Ensalada','3500');
Insert into HOSTALCLARITA.PLATO (ID_PLATO,DSC_PLATO,PRECIO) values ('9','Ensalada a la Chilena','2500');
Insert into HOSTALCLARITA.PLATO (ID_PLATO,DSC_PLATO,PRECIO) values ('10','Lomo a la Chilena','5000');
Insert into HOSTALCLARITA.PLATO (ID_PLATO,DSC_PLATO,PRECIO) values ('11','Camarones Ecuatorianos al Pil Pil','6000');
Insert into HOSTALCLARITA.PLATO (ID_PLATO,DSC_PLATO,PRECIO) values ('12','Parillada Especial','15000');
Insert into HOSTALCLARITA.PLATO (ID_PLATO,DSC_PLATO,PRECIO) values ('13','Pollo a las Brazas + Agregado','3000');
Insert into HOSTALCLARITA.PLATO (ID_PLATO,DSC_PLATO,PRECIO) values ('14','Caldillo de Congrio','3500');
Insert into HOSTALCLARITA.PLATO (ID_PLATO,DSC_PLATO,PRECIO) values ('15','Lasagna','4000');
Insert into HOSTALCLARITA.PLATO (ID_PLATO,DSC_PLATO,PRECIO) values ('16','Consomé de Mariscos','4000');
Insert into HOSTALCLARITA.PLATO (ID_PLATO,DSC_PLATO,PRECIO) values ('17','Paila Marina','3500');
Insert into HOSTALCLARITA.PLATO (ID_PLATO,DSC_PLATO,PRECIO) values ('18','Bife Chorizo a lo Pobre','7500');
Insert into HOSTALCLARITA.PLATO (ID_PLATO,DSC_PLATO,PRECIO) values ('19','Cazuela de Vacuno','5000');
REM INSERTING into HOSTALCLARITA.PROD_FINAL
SET DEFINE OFF;
Insert into HOSTALCLARITA.PROD_FINAL (ID,DSC) values ('1','luna');
Insert into HOSTALCLARITA.PROD_FINAL (ID,DSC) values ('1','pastillas');
Insert into HOSTALCLARITA.PROD_FINAL (ID,DSC) values ('1','laioisa');
Insert into HOSTALCLARITA.PROD_FINAL (ID,DSC) values ('1','jalkj');
Insert into HOSTALCLARITA.PROD_FINAL (ID,DSC) values ('6','IWREL');
Insert into HOSTALCLARITA.PROD_FINAL (ID,DSC) values ('7','IWREL');
Insert into HOSTALCLARITA.PROD_FINAL (ID,DSC) values ('9','IWREL');
Insert into HOSTALCLARITA.PROD_FINAL (ID,DSC) values ('1','Nori');
Insert into HOSTALCLARITA.PROD_FINAL (ID,DSC) values ('1','lalaola');
Insert into HOSTALCLARITA.PROD_FINAL (ID,DSC) values ('1','kug');
Insert into HOSTALCLARITA.PROD_FINAL (ID,DSC) values ('1','isufsc');
Insert into HOSTALCLARITA.PROD_FINAL (ID,DSC) values ('8','IWREL');
Insert into HOSTALCLARITA.PROD_FINAL (ID,DSC) values ('1','lk');
Insert into HOSTALCLARITA.PROD_FINAL (ID,DSC) values ('5','IWREL');
Insert into HOSTALCLARITA.PROD_FINAL (ID,DSC) values ('1','La Bomba');
Insert into HOSTALCLARITA.PROD_FINAL (ID,DSC) values ('1','jiusj');
Insert into HOSTALCLARITA.PROD_FINAL (ID,DSC) values ('1','lkj');
Insert into HOSTALCLARITA.PROD_FINAL (ID,DSC) values ('1','japoij');
Insert into HOSTALCLARITA.PROD_FINAL (ID,DSC) values ('1','hcd');
Insert into HOSTALCLARITA.PROD_FINAL (ID,DSC) values ('1','KJ');
Insert into HOSTALCLARITA.PROD_FINAL (ID,DSC) values ('1','lalakl');
Insert into HOSTALCLARITA.PROD_FINAL (ID,DSC) values ('1','uy');
Insert into HOSTALCLARITA.PROD_FINAL (ID,DSC) values ('2','uy');
Insert into HOSTALCLARITA.PROD_FINAL (ID,DSC) values ('2','IWREL');
Insert into HOSTALCLARITA.PROD_FINAL (ID,DSC) values ('3','IWREL');
Insert into HOSTALCLARITA.PROD_FINAL (ID,DSC) values ('4','IWREL');
Insert into HOSTALCLARITA.PROD_FINAL (ID,DSC) values ('1','LAOLKKI');
Insert into HOSTALCLARITA.PROD_FINAL (ID,DSC) values ('1','IWREL');
REM INSERTING into HOSTALCLARITA.PRODUCTO
SET DEFINE OFF;
Insert into HOSTALCLARITA.PRODUCTO (ID_PRODUCTO,DSC_PRODUCTO,ID_TIPO_PRODUCTO,ID_PROVEEDOR,FECHA_VENCIMIENTO,PRECIO,STOCK,STOCK_CRITICO) values ('14','Jugo Ades','1','4',to_date('06/06/18','DD/MM/RR'),'700','30','10');
Insert into HOSTALCLARITA.PRODUCTO (ID_PRODUCTO,DSC_PRODUCTO,ID_TIPO_PRODUCTO,ID_PROVEEDOR,FECHA_VENCIMIENTO,PRECIO,STOCK,STOCK_CRITICO) values ('12','Naranjas','10','4',to_date('06/06/19','DD/MM/RR'),'1000','30','10');
Insert into HOSTALCLARITA.PRODUCTO (ID_PRODUCTO,DSC_PRODUCTO,ID_TIPO_PRODUCTO,ID_PROVEEDOR,FECHA_VENCIMIENTO,PRECIO,STOCK,STOCK_CRITICO) values ('20','Aceitunas','10','4',to_date('14/06/20','DD/MM/RR'),'2000','20','10');
Insert into HOSTALCLARITA.PRODUCTO (ID_PRODUCTO,DSC_PRODUCTO,ID_TIPO_PRODUCTO,ID_PROVEEDOR,FECHA_VENCIMIENTO,PRECIO,STOCK,STOCK_CRITICO) values ('3','Queso Soprole','4','4',to_date('13/06/29','DD/MM/RR'),'1400','20','5');
Insert into HOSTALCLARITA.PRODUCTO (ID_PRODUCTO,DSC_PRODUCTO,ID_TIPO_PRODUCTO,ID_PROVEEDOR,FECHA_VENCIMIENTO,PRECIO,STOCK,STOCK_CRITICO) values ('5','Mayonesa Kraft','4','4',to_date('13/03/20','DD/MM/RR'),'1100','15','5');
Insert into HOSTALCLARITA.PRODUCTO (ID_PRODUCTO,DSC_PRODUCTO,ID_TIPO_PRODUCTO,ID_PROVEEDOR,FECHA_VENCIMIENTO,PRECIO,STOCK,STOCK_CRITICO) values ('40','Pan','12','2',to_date('27/06/18','DD/MM/RR'),'2500','15','5');
Insert into HOSTALCLARITA.PRODUCTO (ID_PRODUCTO,DSC_PRODUCTO,ID_TIPO_PRODUCTO,ID_PROVEEDOR,FECHA_VENCIMIENTO,PRECIO,STOCK,STOCK_CRITICO) values ('6','Costillar','12','5',to_date('28/06/18','DD/MM/RR'),'20000','20','5');
Insert into HOSTALCLARITA.PRODUCTO (ID_PRODUCTO,DSC_PRODUCTO,ID_TIPO_PRODUCTO,ID_PROVEEDOR,FECHA_VENCIMIENTO,PRECIO,STOCK,STOCK_CRITICO) values ('7','helado selva negra','3','34',to_date('30/06/18','DD/MM/RR'),'2500','10','5');
Insert into HOSTALCLARITA.PRODUCTO (ID_PRODUCTO,DSC_PRODUCTO,ID_TIPO_PRODUCTO,ID_PROVEEDOR,FECHA_VENCIMIENTO,PRECIO,STOCK,STOCK_CRITICO) values ('8','Cafe Dolca','4','12',to_date('13/07/18','DD/MM/RR'),'2500','6','3');
Insert into HOSTALCLARITA.PRODUCTO (ID_PRODUCTO,DSC_PRODUCTO,ID_TIPO_PRODUCTO,ID_PROVEEDOR,FECHA_VENCIMIENTO,PRECIO,STOCK,STOCK_CRITICO) values ('15','Galletas Triton','4','13',to_date('01/04/20','DD/MM/RR'),'700','12','5');
Insert into HOSTALCLARITA.PRODUCTO (ID_PRODUCTO,DSC_PRODUCTO,ID_TIPO_PRODUCTO,ID_PROVEEDOR,FECHA_VENCIMIENTO,PRECIO,STOCK,STOCK_CRITICO) values ('25','Cerveza Royal','1','1',to_date('14/06/22','DD/MM/RR'),'1200','30','10');
Insert into HOSTALCLARITA.PRODUCTO (ID_PRODUCTO,DSC_PRODUCTO,ID_TIPO_PRODUCTO,ID_PROVEEDOR,FECHA_VENCIMIENTO,PRECIO,STOCK,STOCK_CRITICO) values ('37','Fanta','1','1',to_date('14/09/23','DD/MM/RR'),'750','30','10');
Insert into HOSTALCLARITA.PRODUCTO (ID_PRODUCTO,DSC_PRODUCTO,ID_TIPO_PRODUCTO,ID_PROVEEDOR,FECHA_VENCIMIENTO,PRECIO,STOCK,STOCK_CRITICO) values ('13','Salsa Tomate','4','4',to_date('06/02/19','DD/MM/RR'),'600','10','5');
Insert into HOSTALCLARITA.PRODUCTO (ID_PRODUCTO,DSC_PRODUCTO,ID_TIPO_PRODUCTO,ID_PROVEEDOR,FECHA_VENCIMIENTO,PRECIO,STOCK,STOCK_CRITICO) values ('1','Coca Cola normal 3 Lts.','1','1',to_date('14/07/22','DD/MM/RR'),'800','50','20');
Insert into HOSTALCLARITA.PRODUCTO (ID_PRODUCTO,DSC_PRODUCTO,ID_TIPO_PRODUCTO,ID_PROVEEDOR,FECHA_VENCIMIENTO,PRECIO,STOCK,STOCK_CRITICO) values ('16','Fideos','4','4',to_date('07/03/19','DD/MM/RR'),'600','20','10');
Insert into HOSTALCLARITA.PRODUCTO (ID_PRODUCTO,DSC_PRODUCTO,ID_TIPO_PRODUCTO,ID_PROVEEDOR,FECHA_VENCIMIENTO,PRECIO,STOCK,STOCK_CRITICO) values ('2','Mayonesa','4','13',to_date('07/06/18','DD/MM/RR'),'900','15','5');
Insert into HOSTALCLARITA.PRODUCTO (ID_PRODUCTO,DSC_PRODUCTO,ID_TIPO_PRODUCTO,ID_PROVEEDOR,FECHA_VENCIMIENTO,PRECIO,STOCK,STOCK_CRITICO) values ('4','Arroz','4','13',to_date('22/02/01','DD/MM/RR'),'800','20','5');
REM INSERTING into HOSTALCLARITA.PROVEEDOR
SET DEFINE OFF;
Insert into HOSTALCLARITA.PROVEEDOR (ID_PROVEEDOR,RUT_PROVEEDOR,ID_RUBRO,NOMBRE_PROVEEDOR,DIRECCION_PROV,TELEFONO_PROV,NOMBRE_CONTACTO,TELEFONO_CONTACTO,EMAIL_CONTACTO) values ('1','13456789-0','3','COCA COLA','Calle Quilin 4000','(2) 22455443','Esteban Salazar','222333466','ventas@cocacola.cl');
Insert into HOSTALCLARITA.PROVEEDOR (ID_PROVEEDOR,RUT_PROVEEDOR,ID_RUBRO,NOMBRE_PROVEEDOR,DIRECCION_PROV,TELEFONO_PROV,NOMBRE_CONTACTO,TELEFONO_CONTACTO,EMAIL_CONTACTO) values ('2','86457811-7','10','PANADERIA EL REY','El Descanso 128','226744976','Marianela Espinoza','2295043765','mariages@outlook.com');
Insert into HOSTALCLARITA.PROVEEDOR (ID_PROVEEDOR,RUT_PROVEEDOR,ID_RUBRO,NOMBRE_PROVEEDOR,DIRECCION_PROV,TELEFONO_PROV,NOMBRE_CONTACTO,TELEFONO_CONTACTO,EMAIL_CONTACTO) values ('4','66345976-5','9','VEGAS S.A','Manuel Baquedano 345','223377654','David Salas','223687543','vegas@gmail.com');
Insert into HOSTALCLARITA.PROVEEDOR (ID_PROVEEDOR,RUT_PROVEEDOR,ID_RUBRO,NOMBRE_PROVEEDOR,DIRECCION_PROV,TELEFONO_PROV,NOMBRE_CONTACTO,TELEFONO_CONTACTO,EMAIL_CONTACTO) values ('34','1222222-3','6','Congelados','Av. Providencia 187','223846565','Alejandra Contreras','994653466','alecong@contacto.cl');
Insert into HOSTALCLARITA.PROVEEDOR (ID_PROVEEDOR,RUT_PROVEEDOR,ID_RUBRO,NOMBRE_PROVEEDOR,DIRECCION_PROV,TELEFONO_PROV,NOMBRE_CONTACTO,TELEFONO_CONTACTO,EMAIL_CONTACTO) values ('12','55345678-9','4','Cafe Rey','Estado 54','223454567','Jenifer Miranda','994635211','caferey@contacto.cl');
Insert into HOSTALCLARITA.PROVEEDOR (ID_PROVEEDOR,RUT_PROVEEDOR,ID_RUBRO,NOMBRE_PROVEEDOR,DIRECCION_PROV,TELEFONO_PROV,NOMBRE_CONTACTO,TELEFONO_CONTACTO,EMAIL_CONTACTO) values ('13','77519345-0','4','Las Papitas','Ahumada 60','223433656','Patricio Galaz','994633429','lascicas@bombay.cl');
Insert into HOSTALCLARITA.PROVEEDOR (ID_PROVEEDOR,RUT_PROVEEDOR,ID_RUBRO,NOMBRE_PROVEEDOR,DIRECCION_PROV,TELEFONO_PROV,NOMBRE_CONTACTO,TELEFONO_CONTACTO,EMAIL_CONTACTO) values ('5','77567333-0','16','DOÑA CARNE','av santa rosa 10A','223433764','Marcelo Diaz','223344545','ventas@doñacarne.cl');
REM INSERTING into HOSTALCLARITA.RESERVA
SET DEFINE OFF;
Insert into HOSTALCLARITA.RESERVA (ID_RESERVA,ID_EMPRESA,FECHA_CHECKIN,FECHA_CHECKOUT,CANT_HUESPEDES) values ('1','5',to_date('05/06/18','DD/MM/RR'),to_date('30/06/18','DD/MM/RR'),'6');
Insert into HOSTALCLARITA.RESERVA (ID_RESERVA,ID_EMPRESA,FECHA_CHECKIN,FECHA_CHECKOUT,CANT_HUESPEDES) values ('2','4',to_date('06/06/18','DD/MM/RR'),to_date('15/06/18','DD/MM/RR'),'2');
Insert into HOSTALCLARITA.RESERVA (ID_RESERVA,ID_EMPRESA,FECHA_CHECKIN,FECHA_CHECKOUT,CANT_HUESPEDES) values ('3','3',to_date('08/06/18','DD/MM/RR'),to_date('20/06/18','DD/MM/RR'),'6');
Insert into HOSTALCLARITA.RESERVA (ID_RESERVA,ID_EMPRESA,FECHA_CHECKIN,FECHA_CHECKOUT,CANT_HUESPEDES) values ('10','1',to_date('29/06/18','DD/MM/RR'),to_date('02/07/18','DD/MM/RR'),'22');
Insert into HOSTALCLARITA.RESERVA (ID_RESERVA,ID_EMPRESA,FECHA_CHECKIN,FECHA_CHECKOUT,CANT_HUESPEDES) values ('5','3',to_date('02/05/18','DD/MM/RR'),to_date('10/05/18','DD/MM/RR'),'2');
Insert into HOSTALCLARITA.RESERVA (ID_RESERVA,ID_EMPRESA,FECHA_CHECKIN,FECHA_CHECKOUT,CANT_HUESPEDES) values ('4','2',to_date('06/06/18','DD/MM/RR'),to_date('30/06/18','DD/MM/RR'),'3');
Insert into HOSTALCLARITA.RESERVA (ID_RESERVA,ID_EMPRESA,FECHA_CHECKIN,FECHA_CHECKOUT,CANT_HUESPEDES) values ('9','52',to_date('21/05/18','DD/MM/RR'),to_date('31/05/18','DD/MM/RR'),'12');
Insert into HOSTALCLARITA.RESERVA (ID_RESERVA,ID_EMPRESA,FECHA_CHECKIN,FECHA_CHECKOUT,CANT_HUESPEDES) values ('11','52',to_date('30/06/18','DD/MM/RR'),to_date('07/07/18','DD/MM/RR'),'14');
Insert into HOSTALCLARITA.RESERVA (ID_RESERVA,ID_EMPRESA,FECHA_CHECKIN,FECHA_CHECKOUT,CANT_HUESPEDES) values ('12','26',to_date('24/06/18','DD/MM/RR'),to_date('27/06/18','DD/MM/RR'),'2');
Insert into HOSTALCLARITA.RESERVA (ID_RESERVA,ID_EMPRESA,FECHA_CHECKIN,FECHA_CHECKOUT,CANT_HUESPEDES) values ('7','5',to_date('24/06/18','DD/MM/RR'),to_date('26/06/18','DD/MM/RR'),'4');
Insert into HOSTALCLARITA.RESERVA (ID_RESERVA,ID_EMPRESA,FECHA_CHECKIN,FECHA_CHECKOUT,CANT_HUESPEDES) values ('13','48',to_date('28/06/18','DD/MM/RR'),to_date('30/06/18','DD/MM/RR'),'1');
Insert into HOSTALCLARITA.RESERVA (ID_RESERVA,ID_EMPRESA,FECHA_CHECKIN,FECHA_CHECKOUT,CANT_HUESPEDES) values ('14','1',to_date('26/06/18','DD/MM/RR'),to_date('30/06/18','DD/MM/RR'),'1');
Insert into HOSTALCLARITA.RESERVA (ID_RESERVA,ID_EMPRESA,FECHA_CHECKIN,FECHA_CHECKOUT,CANT_HUESPEDES) values ('6','6',to_date('17/06/18','DD/MM/RR'),to_date('22/06/18','DD/MM/RR'),'4');
Insert into HOSTALCLARITA.RESERVA (ID_RESERVA,ID_EMPRESA,FECHA_CHECKIN,FECHA_CHECKOUT,CANT_HUESPEDES) values ('8','52',to_date('01/06/18','DD/MM/RR'),to_date('10/06/18','DD/MM/RR'),'52');
REM INSERTING into HOSTALCLARITA.RESERVA_DETALLE
SET DEFINE OFF;
Insert into HOSTALCLARITA.RESERVA_DETALLE (ID_RESERVA_DETALLE,ID_RESERVA,ID_HABITACION,ID_HUESPED,CONFIRMA_RESERVA) values ('1','1','1','4','S');
Insert into HOSTALCLARITA.RESERVA_DETALLE (ID_RESERVA_DETALLE,ID_RESERVA,ID_HABITACION,ID_HUESPED,CONFIRMA_RESERVA) values ('5','2','2323','5','S');
Insert into HOSTALCLARITA.RESERVA_DETALLE (ID_RESERVA_DETALLE,ID_RESERVA,ID_HABITACION,ID_HUESPED,CONFIRMA_RESERVA) values ('2','3','10','1','S');
Insert into HOSTALCLARITA.RESERVA_DETALLE (ID_RESERVA_DETALLE,ID_RESERVA,ID_HABITACION,ID_HUESPED,CONFIRMA_RESERVA) values ('6','3','4','6','S');
Insert into HOSTALCLARITA.RESERVA_DETALLE (ID_RESERVA_DETALLE,ID_RESERVA,ID_HABITACION,ID_HUESPED,CONFIRMA_RESERVA) values ('15','3','2','16','S');
Insert into HOSTALCLARITA.RESERVA_DETALLE (ID_RESERVA_DETALLE,ID_RESERVA,ID_HABITACION,ID_HUESPED,CONFIRMA_RESERVA) values ('16','3','2','16','S');
Insert into HOSTALCLARITA.RESERVA_DETALLE (ID_RESERVA_DETALLE,ID_RESERVA,ID_HABITACION,ID_HUESPED,CONFIRMA_RESERVA) values ('3','4','3','2','S');
Insert into HOSTALCLARITA.RESERVA_DETALLE (ID_RESERVA_DETALLE,ID_RESERVA,ID_HABITACION,ID_HUESPED,CONFIRMA_RESERVA) values ('9','9','5','9','N');
Insert into HOSTALCLARITA.RESERVA_DETALLE (ID_RESERVA_DETALLE,ID_RESERVA,ID_HABITACION,ID_HUESPED,CONFIRMA_RESERVA) values ('17','9','5','17','N');
Insert into HOSTALCLARITA.RESERVA_DETALLE (ID_RESERVA_DETALLE,ID_RESERVA,ID_HABITACION,ID_HUESPED,CONFIRMA_RESERVA) values ('19','9','5','19','N');
Insert into HOSTALCLARITA.RESERVA_DETALLE (ID_RESERVA_DETALLE,ID_RESERVA,ID_HABITACION,ID_HUESPED,CONFIRMA_RESERVA) values ('4','7','9','3','S');
Insert into HOSTALCLARITA.RESERVA_DETALLE (ID_RESERVA_DETALLE,ID_RESERVA,ID_HABITACION,ID_HUESPED,CONFIRMA_RESERVA) values ('12','7','9','12','S');
Insert into HOSTALCLARITA.RESERVA_DETALLE (ID_RESERVA_DETALLE,ID_RESERVA,ID_HABITACION,ID_HUESPED,CONFIRMA_RESERVA) values ('13','7','9','13','S');
Insert into HOSTALCLARITA.RESERVA_DETALLE (ID_RESERVA_DETALLE,ID_RESERVA,ID_HABITACION,ID_HUESPED,CONFIRMA_RESERVA) values ('14','7','9','14','S');
Insert into HOSTALCLARITA.RESERVA_DETALLE (ID_RESERVA_DETALLE,ID_RESERVA,ID_HABITACION,ID_HUESPED,CONFIRMA_RESERVA) values ('7','6','8','7','S');
Insert into HOSTALCLARITA.RESERVA_DETALLE (ID_RESERVA_DETALLE,ID_RESERVA,ID_HABITACION,ID_HUESPED,CONFIRMA_RESERVA) values ('8','6','8','8','S');
Insert into HOSTALCLARITA.RESERVA_DETALLE (ID_RESERVA_DETALLE,ID_RESERVA,ID_HABITACION,ID_HUESPED,CONFIRMA_RESERVA) values ('10','12','13','10','S');
Insert into HOSTALCLARITA.RESERVA_DETALLE (ID_RESERVA_DETALLE,ID_RESERVA,ID_HABITACION,ID_HUESPED,CONFIRMA_RESERVA) values ('18','12','13','18','S');
Insert into HOSTALCLARITA.RESERVA_DETALLE (ID_RESERVA_DETALLE,ID_RESERVA,ID_HABITACION,ID_HUESPED,CONFIRMA_RESERVA) values ('11','13','14','11','S');
Insert into HOSTALCLARITA.RESERVA_DETALLE (ID_RESERVA_DETALLE,ID_RESERVA,ID_HABITACION,ID_HUESPED,CONFIRMA_RESERVA) values ('20','14','7','33','S');
REM INSERTING into HOSTALCLARITA.ROL_USUARIO
SET DEFINE OFF;
Insert into HOSTALCLARITA.ROL_USUARIO (ID_ROL_USUARIO,ROL_USUARIO,DESCRIPCION) values ('2','2','Administrador');
Insert into HOSTALCLARITA.ROL_USUARIO (ID_ROL_USUARIO,ROL_USUARIO,DESCRIPCION) values ('3','3','Funcionario');
Insert into HOSTALCLARITA.ROL_USUARIO (ID_ROL_USUARIO,ROL_USUARIO,DESCRIPCION) values ('4','4','Empresa');
Insert into HOSTALCLARITA.ROL_USUARIO (ID_ROL_USUARIO,ROL_USUARIO,DESCRIPCION) values ('5','5','Proveedor');
REM INSERTING into HOSTALCLARITA.RUBRO
SET DEFINE OFF;
Insert into HOSTALCLARITA.RUBRO (ID_RUBRO,DSC_RUBRO) values ('1','Servicios de Comida');
Insert into HOSTALCLARITA.RUBRO (ID_RUBRO,DSC_RUBRO) values ('2','Alimentación');
Insert into HOSTALCLARITA.RUBRO (ID_RUBRO,DSC_RUBRO) values ('3','Bebidas');
Insert into HOSTALCLARITA.RUBRO (ID_RUBRO,DSC_RUBRO) values ('4','Cafeterias y Servicios');
Insert into HOSTALCLARITA.RUBRO (ID_RUBRO,DSC_RUBRO) values ('5','Abastecedoras de Carne');
Insert into HOSTALCLARITA.RUBRO (ID_RUBRO,DSC_RUBRO) values ('6','Alimentos Congelados');
Insert into HOSTALCLARITA.RUBRO (ID_RUBRO,DSC_RUBRO) values ('7','Alimentos Naturales');
Insert into HOSTALCLARITA.RUBRO (ID_RUBRO,DSC_RUBRO) values ('8','Elaboración de Fiambres');
Insert into HOSTALCLARITA.RUBRO (ID_RUBRO,DSC_RUBRO) values ('9','Frutas y Verduras');
Insert into HOSTALCLARITA.RUBRO (ID_RUBRO,DSC_RUBRO) values ('10','Panificadoras');
Insert into HOSTALCLARITA.RUBRO (ID_RUBRO,DSC_RUBRO) values ('11','Pescados y Mariscos');
Insert into HOSTALCLARITA.RUBRO (ID_RUBRO,DSC_RUBRO) values ('12','Productos Lácteos');
Insert into HOSTALCLARITA.RUBRO (ID_RUBRO,DSC_RUBRO) values ('13','Repostería');
Insert into HOSTALCLARITA.RUBRO (ID_RUBRO,DSC_RUBRO) values ('14','Venta por Mayor de Alimentos');
Insert into HOSTALCLARITA.RUBRO (ID_RUBRO,DSC_RUBRO) values ('15','Golosinas por Mayor');
Insert into HOSTALCLARITA.RUBRO (ID_RUBRO,DSC_RUBRO) values ('16','Fiambres y Quesos');
Insert into HOSTALCLARITA.RUBRO (ID_RUBRO,DSC_RUBRO) values ('17','Elaboración de Alimentos');
Insert into HOSTALCLARITA.RUBRO (ID_RUBRO,DSC_RUBRO) values ('18','Carnicerías');
Insert into HOSTALCLARITA.RUBRO (ID_RUBRO,DSC_RUBRO) values ('19','Abastecedoras de Carnes');
Insert into HOSTALCLARITA.RUBRO (ID_RUBRO,DSC_RUBRO) values ('20','Helados');
REM INSERTING into HOSTALCLARITA.SERVICIO_COMEDOR
SET DEFINE OFF;
Insert into HOSTALCLARITA.SERVICIO_COMEDOR (ID_SERVICIO_COMEDOR,DSC_SERVICIO_COMEDOR,EST_SERVICIO_COMEDOR) values ('8','SERVICIO ESTANDARD','VIG');
Insert into HOSTALCLARITA.SERVICIO_COMEDOR (ID_SERVICIO_COMEDOR,DSC_SERVICIO_COMEDOR,EST_SERVICIO_COMEDOR) values ('9','SERVICIO EJECUTIVO','VIG');
Insert into HOSTALCLARITA.SERVICIO_COMEDOR (ID_SERVICIO_COMEDOR,DSC_SERVICIO_COMEDOR,EST_SERVICIO_COMEDOR) values ('10','SERVICIO ECONOMICO','VIG');
Insert into HOSTALCLARITA.SERVICIO_COMEDOR (ID_SERVICIO_COMEDOR,DSC_SERVICIO_COMEDOR,EST_SERVICIO_COMEDOR) values ('11','SERVICIO PREMIUM','VIG');
Insert into HOSTALCLARITA.SERVICIO_COMEDOR (ID_SERVICIO_COMEDOR,DSC_SERVICIO_COMEDOR,EST_SERVICIO_COMEDOR) values ('12','SERVICIO ESTUDIANTES','VIG');
REM INSERTING into HOSTALCLARITA.STATUS_HABITACION
SET DEFINE OFF;
Insert into HOSTALCLARITA.STATUS_HABITACION (ID_STATUS_HABITACION,COD_STATUS_HABITACION,DSC_STATUS_HABITACION) values ('1','D   ','Disponible');
Insert into HOSTALCLARITA.STATUS_HABITACION (ID_STATUS_HABITACION,COD_STATUS_HABITACION,DSC_STATUS_HABITACION) values ('2','N   ','No Disponible');
Insert into HOSTALCLARITA.STATUS_HABITACION (ID_STATUS_HABITACION,COD_STATUS_HABITACION,DSC_STATUS_HABITACION) values ('3','M   ','Mantencion');
REM INSERTING into HOSTALCLARITA.TIPO_CAMBIO
SET DEFINE OFF;
Insert into HOSTALCLARITA.TIPO_CAMBIO (ID_TIPO_CAMBIO,ID_MONEDA_ORIGEN,DSC_MONEDA_ORIGEN,ID_MONEDA_DESTINO,DSC_MONEDA_DESTINO,DSC_TIPO_CAMBIO,EST_TIPO_CAMBIO) values ('1','2','USD','1','CLP','DOLAR-PESO CHILENO','VIG');
REM INSERTING into HOSTALCLARITA.TIPO_CAMBIO_VALOR
SET DEFINE OFF;
Insert into HOSTALCLARITA.TIPO_CAMBIO_VALOR (ID_TIPO_CAMBIO_VALOR,ID_TIPO_CAMBIO,FECHA,VALOR_TIPO_CAMBIO) values ('1','1',to_date('01/01/17','DD/MM/RR'),'667,29');
Insert into HOSTALCLARITA.TIPO_CAMBIO_VALOR (ID_TIPO_CAMBIO_VALOR,ID_TIPO_CAMBIO,FECHA,VALOR_TIPO_CAMBIO) values ('2','1',to_date('02/01/17','DD/MM/RR'),'667,29');
Insert into HOSTALCLARITA.TIPO_CAMBIO_VALOR (ID_TIPO_CAMBIO_VALOR,ID_TIPO_CAMBIO,FECHA,VALOR_TIPO_CAMBIO) values ('3','1',to_date('03/01/17','DD/MM/RR'),'669,47');
Insert into HOSTALCLARITA.TIPO_CAMBIO_VALOR (ID_TIPO_CAMBIO_VALOR,ID_TIPO_CAMBIO,FECHA,VALOR_TIPO_CAMBIO) values ('4','1',to_date('04/01/17','DD/MM/RR'),'673,36');
Insert into HOSTALCLARITA.TIPO_CAMBIO_VALOR (ID_TIPO_CAMBIO_VALOR,ID_TIPO_CAMBIO,FECHA,VALOR_TIPO_CAMBIO) values ('5','1',to_date('05/01/17','DD/MM/RR'),'671,78');
Insert into HOSTALCLARITA.TIPO_CAMBIO_VALOR (ID_TIPO_CAMBIO_VALOR,ID_TIPO_CAMBIO,FECHA,VALOR_TIPO_CAMBIO) values ('6','1',to_date('06/01/17','DD/MM/RR'),'666,41');
Insert into HOSTALCLARITA.TIPO_CAMBIO_VALOR (ID_TIPO_CAMBIO_VALOR,ID_TIPO_CAMBIO,FECHA,VALOR_TIPO_CAMBIO) values ('7','1',to_date('07/01/17','DD/MM/RR'),'666,41');
Insert into HOSTALCLARITA.TIPO_CAMBIO_VALOR (ID_TIPO_CAMBIO_VALOR,ID_TIPO_CAMBIO,FECHA,VALOR_TIPO_CAMBIO) values ('8','1',to_date('08/01/17','DD/MM/RR'),'666,41');
Insert into HOSTALCLARITA.TIPO_CAMBIO_VALOR (ID_TIPO_CAMBIO_VALOR,ID_TIPO_CAMBIO,FECHA,VALOR_TIPO_CAMBIO) values ('9','1',to_date('09/01/17','DD/MM/RR'),'665,29');
Insert into HOSTALCLARITA.TIPO_CAMBIO_VALOR (ID_TIPO_CAMBIO_VALOR,ID_TIPO_CAMBIO,FECHA,VALOR_TIPO_CAMBIO) values ('10','1',to_date('10/01/17','DD/MM/RR'),'670,35');
Insert into HOSTALCLARITA.TIPO_CAMBIO_VALOR (ID_TIPO_CAMBIO_VALOR,ID_TIPO_CAMBIO,FECHA,VALOR_TIPO_CAMBIO) values ('11','1',to_date('11/01/17','DD/MM/RR'),'670,94');
Insert into HOSTALCLARITA.TIPO_CAMBIO_VALOR (ID_TIPO_CAMBIO_VALOR,ID_TIPO_CAMBIO,FECHA,VALOR_TIPO_CAMBIO) values ('12','1',to_date('12/01/17','DD/MM/RR'),'671,69');
Insert into HOSTALCLARITA.TIPO_CAMBIO_VALOR (ID_TIPO_CAMBIO_VALOR,ID_TIPO_CAMBIO,FECHA,VALOR_TIPO_CAMBIO) values ('13','1',to_date('13/01/17','DD/MM/RR'),'663,01');
Insert into HOSTALCLARITA.TIPO_CAMBIO_VALOR (ID_TIPO_CAMBIO_VALOR,ID_TIPO_CAMBIO,FECHA,VALOR_TIPO_CAMBIO) values ('14','1',to_date('14/01/17','DD/MM/RR'),'663,01');
Insert into HOSTALCLARITA.TIPO_CAMBIO_VALOR (ID_TIPO_CAMBIO_VALOR,ID_TIPO_CAMBIO,FECHA,VALOR_TIPO_CAMBIO) values ('15','1',to_date('15/01/17','DD/MM/RR'),'663,01');
Insert into HOSTALCLARITA.TIPO_CAMBIO_VALOR (ID_TIPO_CAMBIO_VALOR,ID_TIPO_CAMBIO,FECHA,VALOR_TIPO_CAMBIO) values ('16','1',to_date('16/01/17','DD/MM/RR'),'660,13');
Insert into HOSTALCLARITA.TIPO_CAMBIO_VALOR (ID_TIPO_CAMBIO_VALOR,ID_TIPO_CAMBIO,FECHA,VALOR_TIPO_CAMBIO) values ('17','1',to_date('17/01/17','DD/MM/RR'),'661,38');
Insert into HOSTALCLARITA.TIPO_CAMBIO_VALOR (ID_TIPO_CAMBIO_VALOR,ID_TIPO_CAMBIO,FECHA,VALOR_TIPO_CAMBIO) values ('18','1',to_date('18/01/17','DD/MM/RR'),'657,85');
Insert into HOSTALCLARITA.TIPO_CAMBIO_VALOR (ID_TIPO_CAMBIO_VALOR,ID_TIPO_CAMBIO,FECHA,VALOR_TIPO_CAMBIO) values ('19','1',to_date('19/01/17','DD/MM/RR'),'658,91');
Insert into HOSTALCLARITA.TIPO_CAMBIO_VALOR (ID_TIPO_CAMBIO_VALOR,ID_TIPO_CAMBIO,FECHA,VALOR_TIPO_CAMBIO) values ('20','1',to_date('20/01/17','DD/MM/RR'),'660,18');
Insert into HOSTALCLARITA.TIPO_CAMBIO_VALOR (ID_TIPO_CAMBIO_VALOR,ID_TIPO_CAMBIO,FECHA,VALOR_TIPO_CAMBIO) values ('21','1',to_date('21/01/17','DD/MM/RR'),'660,18');
Insert into HOSTALCLARITA.TIPO_CAMBIO_VALOR (ID_TIPO_CAMBIO_VALOR,ID_TIPO_CAMBIO,FECHA,VALOR_TIPO_CAMBIO) values ('22','1',to_date('22/01/17','DD/MM/RR'),'660,18');
Insert into HOSTALCLARITA.TIPO_CAMBIO_VALOR (ID_TIPO_CAMBIO_VALOR,ID_TIPO_CAMBIO,FECHA,VALOR_TIPO_CAMBIO) values ('23','1',to_date('23/01/17','DD/MM/RR'),'659,49');
Insert into HOSTALCLARITA.TIPO_CAMBIO_VALOR (ID_TIPO_CAMBIO_VALOR,ID_TIPO_CAMBIO,FECHA,VALOR_TIPO_CAMBIO) values ('24','1',to_date('24/01/17','DD/MM/RR'),'652,92');
Insert into HOSTALCLARITA.TIPO_CAMBIO_VALOR (ID_TIPO_CAMBIO_VALOR,ID_TIPO_CAMBIO,FECHA,VALOR_TIPO_CAMBIO) values ('25','1',to_date('25/01/17','DD/MM/RR'),'653,84');
Insert into HOSTALCLARITA.TIPO_CAMBIO_VALOR (ID_TIPO_CAMBIO_VALOR,ID_TIPO_CAMBIO,FECHA,VALOR_TIPO_CAMBIO) values ('26','1',to_date('26/01/17','DD/MM/RR'),'650,98');
Insert into HOSTALCLARITA.TIPO_CAMBIO_VALOR (ID_TIPO_CAMBIO_VALOR,ID_TIPO_CAMBIO,FECHA,VALOR_TIPO_CAMBIO) values ('27','1',to_date('27/01/17','DD/MM/RR'),'648,31');
Insert into HOSTALCLARITA.TIPO_CAMBIO_VALOR (ID_TIPO_CAMBIO_VALOR,ID_TIPO_CAMBIO,FECHA,VALOR_TIPO_CAMBIO) values ('28','1',to_date('28/01/17','DD/MM/RR'),'648,31');
Insert into HOSTALCLARITA.TIPO_CAMBIO_VALOR (ID_TIPO_CAMBIO_VALOR,ID_TIPO_CAMBIO,FECHA,VALOR_TIPO_CAMBIO) values ('29','1',to_date('29/01/17','DD/MM/RR'),'648,31');
Insert into HOSTALCLARITA.TIPO_CAMBIO_VALOR (ID_TIPO_CAMBIO_VALOR,ID_TIPO_CAMBIO,FECHA,VALOR_TIPO_CAMBIO) values ('30','1',to_date('30/01/17','DD/MM/RR'),'649,92');
Insert into HOSTALCLARITA.TIPO_CAMBIO_VALOR (ID_TIPO_CAMBIO_VALOR,ID_TIPO_CAMBIO,FECHA,VALOR_TIPO_CAMBIO) values ('31','1',to_date('31/01/17','DD/MM/RR'),'648,87');
Insert into HOSTALCLARITA.TIPO_CAMBIO_VALOR (ID_TIPO_CAMBIO_VALOR,ID_TIPO_CAMBIO,FECHA,VALOR_TIPO_CAMBIO) values ('32','1',to_date('01/02/17','DD/MM/RR'),'646,19');
Insert into HOSTALCLARITA.TIPO_CAMBIO_VALOR (ID_TIPO_CAMBIO_VALOR,ID_TIPO_CAMBIO,FECHA,VALOR_TIPO_CAMBIO) values ('33','1',to_date('02/02/17','DD/MM/RR'),'646,97');
Insert into HOSTALCLARITA.TIPO_CAMBIO_VALOR (ID_TIPO_CAMBIO_VALOR,ID_TIPO_CAMBIO,FECHA,VALOR_TIPO_CAMBIO) values ('34','1',to_date('03/02/17','DD/MM/RR'),'643,18');
Insert into HOSTALCLARITA.TIPO_CAMBIO_VALOR (ID_TIPO_CAMBIO_VALOR,ID_TIPO_CAMBIO,FECHA,VALOR_TIPO_CAMBIO) values ('35','1',to_date('04/02/17','DD/MM/RR'),'643,18');
Insert into HOSTALCLARITA.TIPO_CAMBIO_VALOR (ID_TIPO_CAMBIO_VALOR,ID_TIPO_CAMBIO,FECHA,VALOR_TIPO_CAMBIO) values ('36','1',to_date('05/02/17','DD/MM/RR'),'643,18');
Insert into HOSTALCLARITA.TIPO_CAMBIO_VALOR (ID_TIPO_CAMBIO_VALOR,ID_TIPO_CAMBIO,FECHA,VALOR_TIPO_CAMBIO) values ('37','1',to_date('06/02/17','DD/MM/RR'),'641,8');
Insert into HOSTALCLARITA.TIPO_CAMBIO_VALOR (ID_TIPO_CAMBIO_VALOR,ID_TIPO_CAMBIO,FECHA,VALOR_TIPO_CAMBIO) values ('38','1',to_date('07/02/17','DD/MM/RR'),'639,35');
Insert into HOSTALCLARITA.TIPO_CAMBIO_VALOR (ID_TIPO_CAMBIO_VALOR,ID_TIPO_CAMBIO,FECHA,VALOR_TIPO_CAMBIO) values ('39','1',to_date('08/02/17','DD/MM/RR'),'646,06');
Insert into HOSTALCLARITA.TIPO_CAMBIO_VALOR (ID_TIPO_CAMBIO_VALOR,ID_TIPO_CAMBIO,FECHA,VALOR_TIPO_CAMBIO) values ('40','1',to_date('09/02/17','DD/MM/RR'),'646,58');
Insert into HOSTALCLARITA.TIPO_CAMBIO_VALOR (ID_TIPO_CAMBIO_VALOR,ID_TIPO_CAMBIO,FECHA,VALOR_TIPO_CAMBIO) values ('41','1',to_date('10/02/17','DD/MM/RR'),'646,82');
Insert into HOSTALCLARITA.TIPO_CAMBIO_VALOR (ID_TIPO_CAMBIO_VALOR,ID_TIPO_CAMBIO,FECHA,VALOR_TIPO_CAMBIO) values ('42','1',to_date('11/02/17','DD/MM/RR'),'646,82');
Insert into HOSTALCLARITA.TIPO_CAMBIO_VALOR (ID_TIPO_CAMBIO_VALOR,ID_TIPO_CAMBIO,FECHA,VALOR_TIPO_CAMBIO) values ('43','1',to_date('12/02/17','DD/MM/RR'),'646,82');
Insert into HOSTALCLARITA.TIPO_CAMBIO_VALOR (ID_TIPO_CAMBIO_VALOR,ID_TIPO_CAMBIO,FECHA,VALOR_TIPO_CAMBIO) values ('44','1',to_date('13/02/17','DD/MM/RR'),'642,62');
Insert into HOSTALCLARITA.TIPO_CAMBIO_VALOR (ID_TIPO_CAMBIO_VALOR,ID_TIPO_CAMBIO,FECHA,VALOR_TIPO_CAMBIO) values ('45','1',to_date('14/02/17','DD/MM/RR'),'642,4');
Insert into HOSTALCLARITA.TIPO_CAMBIO_VALOR (ID_TIPO_CAMBIO_VALOR,ID_TIPO_CAMBIO,FECHA,VALOR_TIPO_CAMBIO) values ('46','1',to_date('15/02/17','DD/MM/RR'),'641,89');
Insert into HOSTALCLARITA.TIPO_CAMBIO_VALOR (ID_TIPO_CAMBIO_VALOR,ID_TIPO_CAMBIO,FECHA,VALOR_TIPO_CAMBIO) values ('47','1',to_date('16/02/17','DD/MM/RR'),'639,93');
Insert into HOSTALCLARITA.TIPO_CAMBIO_VALOR (ID_TIPO_CAMBIO_VALOR,ID_TIPO_CAMBIO,FECHA,VALOR_TIPO_CAMBIO) values ('48','1',to_date('17/02/17','DD/MM/RR'),'638,35');
Insert into HOSTALCLARITA.TIPO_CAMBIO_VALOR (ID_TIPO_CAMBIO_VALOR,ID_TIPO_CAMBIO,FECHA,VALOR_TIPO_CAMBIO) values ('49','1',to_date('18/02/17','DD/MM/RR'),'638,35');
Insert into HOSTALCLARITA.TIPO_CAMBIO_VALOR (ID_TIPO_CAMBIO_VALOR,ID_TIPO_CAMBIO,FECHA,VALOR_TIPO_CAMBIO) values ('50','1',to_date('19/02/17','DD/MM/RR'),'638,35');
Insert into HOSTALCLARITA.TIPO_CAMBIO_VALOR (ID_TIPO_CAMBIO_VALOR,ID_TIPO_CAMBIO,FECHA,VALOR_TIPO_CAMBIO) values ('51','1',to_date('20/02/17','DD/MM/RR'),'643,49');
Insert into HOSTALCLARITA.TIPO_CAMBIO_VALOR (ID_TIPO_CAMBIO_VALOR,ID_TIPO_CAMBIO,FECHA,VALOR_TIPO_CAMBIO) values ('52','1',to_date('21/02/17','DD/MM/RR'),'642,21');
Insert into HOSTALCLARITA.TIPO_CAMBIO_VALOR (ID_TIPO_CAMBIO_VALOR,ID_TIPO_CAMBIO,FECHA,VALOR_TIPO_CAMBIO) values ('53','1',to_date('22/02/17','DD/MM/RR'),'643,63');
Insert into HOSTALCLARITA.TIPO_CAMBIO_VALOR (ID_TIPO_CAMBIO_VALOR,ID_TIPO_CAMBIO,FECHA,VALOR_TIPO_CAMBIO) values ('54','1',to_date('23/02/17','DD/MM/RR'),'641,51');
Insert into HOSTALCLARITA.TIPO_CAMBIO_VALOR (ID_TIPO_CAMBIO_VALOR,ID_TIPO_CAMBIO,FECHA,VALOR_TIPO_CAMBIO) values ('55','1',to_date('24/02/17','DD/MM/RR'),'640,36');
Insert into HOSTALCLARITA.TIPO_CAMBIO_VALOR (ID_TIPO_CAMBIO_VALOR,ID_TIPO_CAMBIO,FECHA,VALOR_TIPO_CAMBIO) values ('56','1',to_date('25/02/17','DD/MM/RR'),'640,36');
Insert into HOSTALCLARITA.TIPO_CAMBIO_VALOR (ID_TIPO_CAMBIO_VALOR,ID_TIPO_CAMBIO,FECHA,VALOR_TIPO_CAMBIO) values ('57','1',to_date('26/02/17','DD/MM/RR'),'640,36');
Insert into HOSTALCLARITA.TIPO_CAMBIO_VALOR (ID_TIPO_CAMBIO_VALOR,ID_TIPO_CAMBIO,FECHA,VALOR_TIPO_CAMBIO) values ('58','1',to_date('27/02/17','DD/MM/RR'),'645,66');
Insert into HOSTALCLARITA.TIPO_CAMBIO_VALOR (ID_TIPO_CAMBIO_VALOR,ID_TIPO_CAMBIO,FECHA,VALOR_TIPO_CAMBIO) values ('59','1',to_date('28/02/17','DD/MM/RR'),'645,19');
Insert into HOSTALCLARITA.TIPO_CAMBIO_VALOR (ID_TIPO_CAMBIO_VALOR,ID_TIPO_CAMBIO,FECHA,VALOR_TIPO_CAMBIO) values ('60','1',to_date('01/03/17','DD/MM/RR'),'648,88');
Insert into HOSTALCLARITA.TIPO_CAMBIO_VALOR (ID_TIPO_CAMBIO_VALOR,ID_TIPO_CAMBIO,FECHA,VALOR_TIPO_CAMBIO) values ('61','1',to_date('02/03/17','DD/MM/RR'),'650,98');
Insert into HOSTALCLARITA.TIPO_CAMBIO_VALOR (ID_TIPO_CAMBIO_VALOR,ID_TIPO_CAMBIO,FECHA,VALOR_TIPO_CAMBIO) values ('62','1',to_date('03/03/17','DD/MM/RR'),'654,11');
Insert into HOSTALCLARITA.TIPO_CAMBIO_VALOR (ID_TIPO_CAMBIO_VALOR,ID_TIPO_CAMBIO,FECHA,VALOR_TIPO_CAMBIO) values ('63','1',to_date('04/03/17','DD/MM/RR'),'654,11');
Insert into HOSTALCLARITA.TIPO_CAMBIO_VALOR (ID_TIPO_CAMBIO_VALOR,ID_TIPO_CAMBIO,FECHA,VALOR_TIPO_CAMBIO) values ('64','1',to_date('05/03/17','DD/MM/RR'),'654,11');
Insert into HOSTALCLARITA.TIPO_CAMBIO_VALOR (ID_TIPO_CAMBIO_VALOR,ID_TIPO_CAMBIO,FECHA,VALOR_TIPO_CAMBIO) values ('65','1',to_date('06/03/17','DD/MM/RR'),'655,57');
Insert into HOSTALCLARITA.TIPO_CAMBIO_VALOR (ID_TIPO_CAMBIO_VALOR,ID_TIPO_CAMBIO,FECHA,VALOR_TIPO_CAMBIO) values ('66','1',to_date('07/03/17','DD/MM/RR'),'658,71');
Insert into HOSTALCLARITA.TIPO_CAMBIO_VALOR (ID_TIPO_CAMBIO_VALOR,ID_TIPO_CAMBIO,FECHA,VALOR_TIPO_CAMBIO) values ('67','1',to_date('08/03/17','DD/MM/RR'),'660,02');
Insert into HOSTALCLARITA.TIPO_CAMBIO_VALOR (ID_TIPO_CAMBIO_VALOR,ID_TIPO_CAMBIO,FECHA,VALOR_TIPO_CAMBIO) values ('68','1',to_date('09/03/17','DD/MM/RR'),'661,65');
Insert into HOSTALCLARITA.TIPO_CAMBIO_VALOR (ID_TIPO_CAMBIO_VALOR,ID_TIPO_CAMBIO,FECHA,VALOR_TIPO_CAMBIO) values ('69','1',to_date('10/03/17','DD/MM/RR'),'664,84');
Insert into HOSTALCLARITA.TIPO_CAMBIO_VALOR (ID_TIPO_CAMBIO_VALOR,ID_TIPO_CAMBIO,FECHA,VALOR_TIPO_CAMBIO) values ('70','1',to_date('11/03/17','DD/MM/RR'),'664,84');
Insert into HOSTALCLARITA.TIPO_CAMBIO_VALOR (ID_TIPO_CAMBIO_VALOR,ID_TIPO_CAMBIO,FECHA,VALOR_TIPO_CAMBIO) values ('71','1',to_date('12/03/17','DD/MM/RR'),'664,84');
Insert into HOSTALCLARITA.TIPO_CAMBIO_VALOR (ID_TIPO_CAMBIO_VALOR,ID_TIPO_CAMBIO,FECHA,VALOR_TIPO_CAMBIO) values ('72','1',to_date('13/03/17','DD/MM/RR'),'663,4');
Insert into HOSTALCLARITA.TIPO_CAMBIO_VALOR (ID_TIPO_CAMBIO_VALOR,ID_TIPO_CAMBIO,FECHA,VALOR_TIPO_CAMBIO) values ('73','1',to_date('14/03/17','DD/MM/RR'),'665,43');
Insert into HOSTALCLARITA.TIPO_CAMBIO_VALOR (ID_TIPO_CAMBIO_VALOR,ID_TIPO_CAMBIO,FECHA,VALOR_TIPO_CAMBIO) values ('74','1',to_date('15/03/17','DD/MM/RR'),'669,07');
Insert into HOSTALCLARITA.TIPO_CAMBIO_VALOR (ID_TIPO_CAMBIO_VALOR,ID_TIPO_CAMBIO,FECHA,VALOR_TIPO_CAMBIO) values ('75','1',to_date('16/03/17','DD/MM/RR'),'669,52');
Insert into HOSTALCLARITA.TIPO_CAMBIO_VALOR (ID_TIPO_CAMBIO_VALOR,ID_TIPO_CAMBIO,FECHA,VALOR_TIPO_CAMBIO) values ('76','1',to_date('17/03/17','DD/MM/RR'),'661,2');
Insert into HOSTALCLARITA.TIPO_CAMBIO_VALOR (ID_TIPO_CAMBIO_VALOR,ID_TIPO_CAMBIO,FECHA,VALOR_TIPO_CAMBIO) values ('77','1',to_date('18/03/17','DD/MM/RR'),'661,2');
Insert into HOSTALCLARITA.TIPO_CAMBIO_VALOR (ID_TIPO_CAMBIO_VALOR,ID_TIPO_CAMBIO,FECHA,VALOR_TIPO_CAMBIO) values ('78','1',to_date('19/03/17','DD/MM/RR'),'661,2');
Insert into HOSTALCLARITA.TIPO_CAMBIO_VALOR (ID_TIPO_CAMBIO_VALOR,ID_TIPO_CAMBIO,FECHA,VALOR_TIPO_CAMBIO) values ('79','1',to_date('20/03/17','DD/MM/RR'),'661,15');
Insert into HOSTALCLARITA.TIPO_CAMBIO_VALOR (ID_TIPO_CAMBIO_VALOR,ID_TIPO_CAMBIO,FECHA,VALOR_TIPO_CAMBIO) values ('80','1',to_date('21/03/17','DD/MM/RR'),'662,35');
Insert into HOSTALCLARITA.TIPO_CAMBIO_VALOR (ID_TIPO_CAMBIO_VALOR,ID_TIPO_CAMBIO,FECHA,VALOR_TIPO_CAMBIO) values ('81','1',to_date('22/03/17','DD/MM/RR'),'657,83');
Insert into HOSTALCLARITA.TIPO_CAMBIO_VALOR (ID_TIPO_CAMBIO_VALOR,ID_TIPO_CAMBIO,FECHA,VALOR_TIPO_CAMBIO) values ('82','1',to_date('23/03/17','DD/MM/RR'),'662,84');
Insert into HOSTALCLARITA.TIPO_CAMBIO_VALOR (ID_TIPO_CAMBIO_VALOR,ID_TIPO_CAMBIO,FECHA,VALOR_TIPO_CAMBIO) values ('83','1',to_date('24/03/17','DD/MM/RR'),'662,42');
Insert into HOSTALCLARITA.TIPO_CAMBIO_VALOR (ID_TIPO_CAMBIO_VALOR,ID_TIPO_CAMBIO,FECHA,VALOR_TIPO_CAMBIO) values ('84','1',to_date('25/03/17','DD/MM/RR'),'662,42');
Insert into HOSTALCLARITA.TIPO_CAMBIO_VALOR (ID_TIPO_CAMBIO_VALOR,ID_TIPO_CAMBIO,FECHA,VALOR_TIPO_CAMBIO) values ('85','1',to_date('26/03/17','DD/MM/RR'),'662,42');
Insert into HOSTALCLARITA.TIPO_CAMBIO_VALOR (ID_TIPO_CAMBIO_VALOR,ID_TIPO_CAMBIO,FECHA,VALOR_TIPO_CAMBIO) values ('86','1',to_date('27/03/17','DD/MM/RR'),'661,64');
Insert into HOSTALCLARITA.TIPO_CAMBIO_VALOR (ID_TIPO_CAMBIO_VALOR,ID_TIPO_CAMBIO,FECHA,VALOR_TIPO_CAMBIO) values ('87','1',to_date('28/03/17','DD/MM/RR'),'663,74');
Insert into HOSTALCLARITA.TIPO_CAMBIO_VALOR (ID_TIPO_CAMBIO_VALOR,ID_TIPO_CAMBIO,FECHA,VALOR_TIPO_CAMBIO) values ('88','1',to_date('29/03/17','DD/MM/RR'),'666,04');
Insert into HOSTALCLARITA.TIPO_CAMBIO_VALOR (ID_TIPO_CAMBIO_VALOR,ID_TIPO_CAMBIO,FECHA,VALOR_TIPO_CAMBIO) values ('89','1',to_date('30/03/17','DD/MM/RR'),'663,61');
Insert into HOSTALCLARITA.TIPO_CAMBIO_VALOR (ID_TIPO_CAMBIO_VALOR,ID_TIPO_CAMBIO,FECHA,VALOR_TIPO_CAMBIO) values ('90','1',to_date('31/03/17','DD/MM/RR'),'662,66');
Insert into HOSTALCLARITA.TIPO_CAMBIO_VALOR (ID_TIPO_CAMBIO_VALOR,ID_TIPO_CAMBIO,FECHA,VALOR_TIPO_CAMBIO) values ('91','1',to_date('01/04/17','DD/MM/RR'),'662,66');
Insert into HOSTALCLARITA.TIPO_CAMBIO_VALOR (ID_TIPO_CAMBIO_VALOR,ID_TIPO_CAMBIO,FECHA,VALOR_TIPO_CAMBIO) values ('92','1',to_date('02/04/17','DD/MM/RR'),'662,66');
Insert into HOSTALCLARITA.TIPO_CAMBIO_VALOR (ID_TIPO_CAMBIO_VALOR,ID_TIPO_CAMBIO,FECHA,VALOR_TIPO_CAMBIO) values ('93','1',to_date('03/04/17','DD/MM/RR'),'663,97');
Insert into HOSTALCLARITA.TIPO_CAMBIO_VALOR (ID_TIPO_CAMBIO_VALOR,ID_TIPO_CAMBIO,FECHA,VALOR_TIPO_CAMBIO) values ('94','1',to_date('04/04/17','DD/MM/RR'),'658,16');
Insert into HOSTALCLARITA.TIPO_CAMBIO_VALOR (ID_TIPO_CAMBIO_VALOR,ID_TIPO_CAMBIO,FECHA,VALOR_TIPO_CAMBIO) values ('95','1',to_date('05/04/17','DD/MM/RR'),'661,42');
Insert into HOSTALCLARITA.TIPO_CAMBIO_VALOR (ID_TIPO_CAMBIO_VALOR,ID_TIPO_CAMBIO,FECHA,VALOR_TIPO_CAMBIO) values ('96','1',to_date('06/04/17','DD/MM/RR'),'657,74');
Insert into HOSTALCLARITA.TIPO_CAMBIO_VALOR (ID_TIPO_CAMBIO_VALOR,ID_TIPO_CAMBIO,FECHA,VALOR_TIPO_CAMBIO) values ('97','1',to_date('07/04/17','DD/MM/RR'),'656,51');
Insert into HOSTALCLARITA.TIPO_CAMBIO_VALOR (ID_TIPO_CAMBIO_VALOR,ID_TIPO_CAMBIO,FECHA,VALOR_TIPO_CAMBIO) values ('98','1',to_date('08/04/17','DD/MM/RR'),'656,51');
Insert into HOSTALCLARITA.TIPO_CAMBIO_VALOR (ID_TIPO_CAMBIO_VALOR,ID_TIPO_CAMBIO,FECHA,VALOR_TIPO_CAMBIO) values ('99','1',to_date('09/04/17','DD/MM/RR'),'656,51');
Insert into HOSTALCLARITA.TIPO_CAMBIO_VALOR (ID_TIPO_CAMBIO_VALOR,ID_TIPO_CAMBIO,FECHA,VALOR_TIPO_CAMBIO) values ('100','1',to_date('10/04/17','DD/MM/RR'),'656,47');
Insert into HOSTALCLARITA.TIPO_CAMBIO_VALOR (ID_TIPO_CAMBIO_VALOR,ID_TIPO_CAMBIO,FECHA,VALOR_TIPO_CAMBIO) values ('101','1',to_date('11/04/17','DD/MM/RR'),'654,22');
Insert into HOSTALCLARITA.TIPO_CAMBIO_VALOR (ID_TIPO_CAMBIO_VALOR,ID_TIPO_CAMBIO,FECHA,VALOR_TIPO_CAMBIO) values ('102','1',to_date('12/04/17','DD/MM/RR'),'652,8');
Insert into HOSTALCLARITA.TIPO_CAMBIO_VALOR (ID_TIPO_CAMBIO_VALOR,ID_TIPO_CAMBIO,FECHA,VALOR_TIPO_CAMBIO) values ('103','1',to_date('13/04/17','DD/MM/RR'),'653,65');
Insert into HOSTALCLARITA.TIPO_CAMBIO_VALOR (ID_TIPO_CAMBIO_VALOR,ID_TIPO_CAMBIO,FECHA,VALOR_TIPO_CAMBIO) values ('104','1',to_date('14/04/17','DD/MM/RR'),'653,65');
Insert into HOSTALCLARITA.TIPO_CAMBIO_VALOR (ID_TIPO_CAMBIO_VALOR,ID_TIPO_CAMBIO,FECHA,VALOR_TIPO_CAMBIO) values ('105','1',to_date('15/04/17','DD/MM/RR'),'653,65');
Insert into HOSTALCLARITA.TIPO_CAMBIO_VALOR (ID_TIPO_CAMBIO_VALOR,ID_TIPO_CAMBIO,FECHA,VALOR_TIPO_CAMBIO) values ('106','1',to_date('16/04/17','DD/MM/RR'),'653,65');
Insert into HOSTALCLARITA.TIPO_CAMBIO_VALOR (ID_TIPO_CAMBIO_VALOR,ID_TIPO_CAMBIO,FECHA,VALOR_TIPO_CAMBIO) values ('107','1',to_date('17/04/17','DD/MM/RR'),'650');
Insert into HOSTALCLARITA.TIPO_CAMBIO_VALOR (ID_TIPO_CAMBIO_VALOR,ID_TIPO_CAMBIO,FECHA,VALOR_TIPO_CAMBIO) values ('108','1',to_date('18/04/17','DD/MM/RR'),'647,47');
Insert into HOSTALCLARITA.TIPO_CAMBIO_VALOR (ID_TIPO_CAMBIO_VALOR,ID_TIPO_CAMBIO,FECHA,VALOR_TIPO_CAMBIO) values ('109','1',to_date('19/04/17','DD/MM/RR'),'647,47');
Insert into HOSTALCLARITA.TIPO_CAMBIO_VALOR (ID_TIPO_CAMBIO_VALOR,ID_TIPO_CAMBIO,FECHA,VALOR_TIPO_CAMBIO) values ('110','1',to_date('20/04/17','DD/MM/RR'),'647,68');
Insert into HOSTALCLARITA.TIPO_CAMBIO_VALOR (ID_TIPO_CAMBIO_VALOR,ID_TIPO_CAMBIO,FECHA,VALOR_TIPO_CAMBIO) values ('111','1',to_date('21/04/17','DD/MM/RR'),'649,26');
Insert into HOSTALCLARITA.TIPO_CAMBIO_VALOR (ID_TIPO_CAMBIO_VALOR,ID_TIPO_CAMBIO,FECHA,VALOR_TIPO_CAMBIO) values ('112','1',to_date('22/04/17','DD/MM/RR'),'649,26');
Insert into HOSTALCLARITA.TIPO_CAMBIO_VALOR (ID_TIPO_CAMBIO_VALOR,ID_TIPO_CAMBIO,FECHA,VALOR_TIPO_CAMBIO) values ('113','1',to_date('23/04/17','DD/MM/RR'),'649,26');
Insert into HOSTALCLARITA.TIPO_CAMBIO_VALOR (ID_TIPO_CAMBIO_VALOR,ID_TIPO_CAMBIO,FECHA,VALOR_TIPO_CAMBIO) values ('114','1',to_date('24/04/17','DD/MM/RR'),'650,65');
Insert into HOSTALCLARITA.TIPO_CAMBIO_VALOR (ID_TIPO_CAMBIO_VALOR,ID_TIPO_CAMBIO,FECHA,VALOR_TIPO_CAMBIO) values ('115','1',to_date('25/04/17','DD/MM/RR'),'653,71');
Insert into HOSTALCLARITA.TIPO_CAMBIO_VALOR (ID_TIPO_CAMBIO_VALOR,ID_TIPO_CAMBIO,FECHA,VALOR_TIPO_CAMBIO) values ('116','1',to_date('26/04/17','DD/MM/RR'),'660,04');
Insert into HOSTALCLARITA.TIPO_CAMBIO_VALOR (ID_TIPO_CAMBIO_VALOR,ID_TIPO_CAMBIO,FECHA,VALOR_TIPO_CAMBIO) values ('117','1',to_date('27/04/17','DD/MM/RR'),'665,35');
Insert into HOSTALCLARITA.TIPO_CAMBIO_VALOR (ID_TIPO_CAMBIO_VALOR,ID_TIPO_CAMBIO,FECHA,VALOR_TIPO_CAMBIO) values ('118','1',to_date('28/04/17','DD/MM/RR'),'664,28');
Insert into HOSTALCLARITA.TIPO_CAMBIO_VALOR (ID_TIPO_CAMBIO_VALOR,ID_TIPO_CAMBIO,FECHA,VALOR_TIPO_CAMBIO) values ('119','1',to_date('29/04/17','DD/MM/RR'),'664,28');
Insert into HOSTALCLARITA.TIPO_CAMBIO_VALOR (ID_TIPO_CAMBIO_VALOR,ID_TIPO_CAMBIO,FECHA,VALOR_TIPO_CAMBIO) values ('120','1',to_date('30/04/17','DD/MM/RR'),'664,28');
Insert into HOSTALCLARITA.TIPO_CAMBIO_VALOR (ID_TIPO_CAMBIO_VALOR,ID_TIPO_CAMBIO,FECHA,VALOR_TIPO_CAMBIO) values ('121','1',to_date('01/05/17','DD/MM/RR'),'664,28');
Insert into HOSTALCLARITA.TIPO_CAMBIO_VALOR (ID_TIPO_CAMBIO_VALOR,ID_TIPO_CAMBIO,FECHA,VALOR_TIPO_CAMBIO) values ('122','1',to_date('02/05/17','DD/MM/RR'),'665,41');
Insert into HOSTALCLARITA.TIPO_CAMBIO_VALOR (ID_TIPO_CAMBIO_VALOR,ID_TIPO_CAMBIO,FECHA,VALOR_TIPO_CAMBIO) values ('123','1',to_date('03/05/17','DD/MM/RR'),'666,95');
Insert into HOSTALCLARITA.TIPO_CAMBIO_VALOR (ID_TIPO_CAMBIO_VALOR,ID_TIPO_CAMBIO,FECHA,VALOR_TIPO_CAMBIO) values ('124','1',to_date('04/05/17','DD/MM/RR'),'668,98');
Insert into HOSTALCLARITA.TIPO_CAMBIO_VALOR (ID_TIPO_CAMBIO_VALOR,ID_TIPO_CAMBIO,FECHA,VALOR_TIPO_CAMBIO) values ('125','1',to_date('05/05/17','DD/MM/RR'),'673,89');
Insert into HOSTALCLARITA.TIPO_CAMBIO_VALOR (ID_TIPO_CAMBIO_VALOR,ID_TIPO_CAMBIO,FECHA,VALOR_TIPO_CAMBIO) values ('126','1',to_date('06/05/17','DD/MM/RR'),'673,89');
Insert into HOSTALCLARITA.TIPO_CAMBIO_VALOR (ID_TIPO_CAMBIO_VALOR,ID_TIPO_CAMBIO,FECHA,VALOR_TIPO_CAMBIO) values ('127','1',to_date('07/05/17','DD/MM/RR'),'673,89');
Insert into HOSTALCLARITA.TIPO_CAMBIO_VALOR (ID_TIPO_CAMBIO_VALOR,ID_TIPO_CAMBIO,FECHA,VALOR_TIPO_CAMBIO) values ('128','1',to_date('08/05/17','DD/MM/RR'),'674,88');
Insert into HOSTALCLARITA.TIPO_CAMBIO_VALOR (ID_TIPO_CAMBIO_VALOR,ID_TIPO_CAMBIO,FECHA,VALOR_TIPO_CAMBIO) values ('129','1',to_date('09/05/17','DD/MM/RR'),'676,32');
Insert into HOSTALCLARITA.TIPO_CAMBIO_VALOR (ID_TIPO_CAMBIO_VALOR,ID_TIPO_CAMBIO,FECHA,VALOR_TIPO_CAMBIO) values ('130','1',to_date('10/05/17','DD/MM/RR'),'679,05');
Insert into HOSTALCLARITA.TIPO_CAMBIO_VALOR (ID_TIPO_CAMBIO_VALOR,ID_TIPO_CAMBIO,FECHA,VALOR_TIPO_CAMBIO) values ('131','1',to_date('11/05/17','DD/MM/RR'),'672,92');
Insert into HOSTALCLARITA.TIPO_CAMBIO_VALOR (ID_TIPO_CAMBIO_VALOR,ID_TIPO_CAMBIO,FECHA,VALOR_TIPO_CAMBIO) values ('132','1',to_date('12/05/17','DD/MM/RR'),'671,55');
Insert into HOSTALCLARITA.TIPO_CAMBIO_VALOR (ID_TIPO_CAMBIO_VALOR,ID_TIPO_CAMBIO,FECHA,VALOR_TIPO_CAMBIO) values ('133','1',to_date('13/05/17','DD/MM/RR'),'671,55');
Insert into HOSTALCLARITA.TIPO_CAMBIO_VALOR (ID_TIPO_CAMBIO_VALOR,ID_TIPO_CAMBIO,FECHA,VALOR_TIPO_CAMBIO) values ('134','1',to_date('14/05/17','DD/MM/RR'),'671,55');
Insert into HOSTALCLARITA.TIPO_CAMBIO_VALOR (ID_TIPO_CAMBIO_VALOR,ID_TIPO_CAMBIO,FECHA,VALOR_TIPO_CAMBIO) values ('135','1',to_date('15/05/17','DD/MM/RR'),'671,03');
Insert into HOSTALCLARITA.TIPO_CAMBIO_VALOR (ID_TIPO_CAMBIO_VALOR,ID_TIPO_CAMBIO,FECHA,VALOR_TIPO_CAMBIO) values ('136','1',to_date('16/05/17','DD/MM/RR'),'668,03');
Insert into HOSTALCLARITA.TIPO_CAMBIO_VALOR (ID_TIPO_CAMBIO_VALOR,ID_TIPO_CAMBIO,FECHA,VALOR_TIPO_CAMBIO) values ('137','1',to_date('17/05/17','DD/MM/RR'),'666,26');
Insert into HOSTALCLARITA.TIPO_CAMBIO_VALOR (ID_TIPO_CAMBIO_VALOR,ID_TIPO_CAMBIO,FECHA,VALOR_TIPO_CAMBIO) values ('138','1',to_date('18/05/17','DD/MM/RR'),'668,62');
Insert into HOSTALCLARITA.TIPO_CAMBIO_VALOR (ID_TIPO_CAMBIO_VALOR,ID_TIPO_CAMBIO,FECHA,VALOR_TIPO_CAMBIO) values ('139','1',to_date('19/05/17','DD/MM/RR'),'675,8');
Insert into HOSTALCLARITA.TIPO_CAMBIO_VALOR (ID_TIPO_CAMBIO_VALOR,ID_TIPO_CAMBIO,FECHA,VALOR_TIPO_CAMBIO) values ('140','1',to_date('20/05/17','DD/MM/RR'),'675,8');
Insert into HOSTALCLARITA.TIPO_CAMBIO_VALOR (ID_TIPO_CAMBIO_VALOR,ID_TIPO_CAMBIO,FECHA,VALOR_TIPO_CAMBIO) values ('141','1',to_date('21/05/17','DD/MM/RR'),'675,8');
Insert into HOSTALCLARITA.TIPO_CAMBIO_VALOR (ID_TIPO_CAMBIO_VALOR,ID_TIPO_CAMBIO,FECHA,VALOR_TIPO_CAMBIO) values ('142','1',to_date('22/05/17','DD/MM/RR'),'670,3');
Insert into HOSTALCLARITA.TIPO_CAMBIO_VALOR (ID_TIPO_CAMBIO_VALOR,ID_TIPO_CAMBIO,FECHA,VALOR_TIPO_CAMBIO) values ('143','1',to_date('23/05/17','DD/MM/RR'),'668,21');
Insert into HOSTALCLARITA.TIPO_CAMBIO_VALOR (ID_TIPO_CAMBIO_VALOR,ID_TIPO_CAMBIO,FECHA,VALOR_TIPO_CAMBIO) values ('144','1',to_date('24/05/17','DD/MM/RR'),'672,4');
Insert into HOSTALCLARITA.TIPO_CAMBIO_VALOR (ID_TIPO_CAMBIO_VALOR,ID_TIPO_CAMBIO,FECHA,VALOR_TIPO_CAMBIO) values ('145','1',to_date('25/05/17','DD/MM/RR'),'674,27');
Insert into HOSTALCLARITA.TIPO_CAMBIO_VALOR (ID_TIPO_CAMBIO_VALOR,ID_TIPO_CAMBIO,FECHA,VALOR_TIPO_CAMBIO) values ('146','1',to_date('26/05/17','DD/MM/RR'),'669,42');
Insert into HOSTALCLARITA.TIPO_CAMBIO_VALOR (ID_TIPO_CAMBIO_VALOR,ID_TIPO_CAMBIO,FECHA,VALOR_TIPO_CAMBIO) values ('147','1',to_date('27/05/17','DD/MM/RR'),'669,42');
Insert into HOSTALCLARITA.TIPO_CAMBIO_VALOR (ID_TIPO_CAMBIO_VALOR,ID_TIPO_CAMBIO,FECHA,VALOR_TIPO_CAMBIO) values ('148','1',to_date('28/05/17','DD/MM/RR'),'669,42');
Insert into HOSTALCLARITA.TIPO_CAMBIO_VALOR (ID_TIPO_CAMBIO_VALOR,ID_TIPO_CAMBIO,FECHA,VALOR_TIPO_CAMBIO) values ('149','1',to_date('29/05/17','DD/MM/RR'),'670,25');
Insert into HOSTALCLARITA.TIPO_CAMBIO_VALOR (ID_TIPO_CAMBIO_VALOR,ID_TIPO_CAMBIO,FECHA,VALOR_TIPO_CAMBIO) values ('150','1',to_date('30/05/17','DD/MM/RR'),'674,02');
Insert into HOSTALCLARITA.TIPO_CAMBIO_VALOR (ID_TIPO_CAMBIO_VALOR,ID_TIPO_CAMBIO,FECHA,VALOR_TIPO_CAMBIO) values ('151','1',to_date('31/05/17','DD/MM/RR'),'675,31');
Insert into HOSTALCLARITA.TIPO_CAMBIO_VALOR (ID_TIPO_CAMBIO_VALOR,ID_TIPO_CAMBIO,FECHA,VALOR_TIPO_CAMBIO) values ('152','1',to_date('01/06/17','DD/MM/RR'),'672,35');
Insert into HOSTALCLARITA.TIPO_CAMBIO_VALOR (ID_TIPO_CAMBIO_VALOR,ID_TIPO_CAMBIO,FECHA,VALOR_TIPO_CAMBIO) values ('153','1',to_date('02/06/17','DD/MM/RR'),'672,37');
Insert into HOSTALCLARITA.TIPO_CAMBIO_VALOR (ID_TIPO_CAMBIO_VALOR,ID_TIPO_CAMBIO,FECHA,VALOR_TIPO_CAMBIO) values ('154','1',to_date('03/06/17','DD/MM/RR'),'672,37');
Insert into HOSTALCLARITA.TIPO_CAMBIO_VALOR (ID_TIPO_CAMBIO_VALOR,ID_TIPO_CAMBIO,FECHA,VALOR_TIPO_CAMBIO) values ('155','1',to_date('04/06/17','DD/MM/RR'),'672,37');
Insert into HOSTALCLARITA.TIPO_CAMBIO_VALOR (ID_TIPO_CAMBIO_VALOR,ID_TIPO_CAMBIO,FECHA,VALOR_TIPO_CAMBIO) values ('156','1',to_date('05/06/17','DD/MM/RR'),'670,41');
Insert into HOSTALCLARITA.TIPO_CAMBIO_VALOR (ID_TIPO_CAMBIO_VALOR,ID_TIPO_CAMBIO,FECHA,VALOR_TIPO_CAMBIO) values ('157','1',to_date('06/06/17','DD/MM/RR'),'668,89');
Insert into HOSTALCLARITA.TIPO_CAMBIO_VALOR (ID_TIPO_CAMBIO_VALOR,ID_TIPO_CAMBIO,FECHA,VALOR_TIPO_CAMBIO) values ('158','1',to_date('07/06/17','DD/MM/RR'),'668,7');
Insert into HOSTALCLARITA.TIPO_CAMBIO_VALOR (ID_TIPO_CAMBIO_VALOR,ID_TIPO_CAMBIO,FECHA,VALOR_TIPO_CAMBIO) values ('159','1',to_date('08/06/17','DD/MM/RR'),'668,36');
Insert into HOSTALCLARITA.TIPO_CAMBIO_VALOR (ID_TIPO_CAMBIO_VALOR,ID_TIPO_CAMBIO,FECHA,VALOR_TIPO_CAMBIO) values ('160','1',to_date('09/06/17','DD/MM/RR'),'666,28');
Insert into HOSTALCLARITA.TIPO_CAMBIO_VALOR (ID_TIPO_CAMBIO_VALOR,ID_TIPO_CAMBIO,FECHA,VALOR_TIPO_CAMBIO) values ('161','1',to_date('10/06/17','DD/MM/RR'),'666,28');
Insert into HOSTALCLARITA.TIPO_CAMBIO_VALOR (ID_TIPO_CAMBIO_VALOR,ID_TIPO_CAMBIO,FECHA,VALOR_TIPO_CAMBIO) values ('162','1',to_date('11/06/17','DD/MM/RR'),'666,28');
Insert into HOSTALCLARITA.TIPO_CAMBIO_VALOR (ID_TIPO_CAMBIO_VALOR,ID_TIPO_CAMBIO,FECHA,VALOR_TIPO_CAMBIO) values ('163','1',to_date('12/06/17','DD/MM/RR'),'664,47');
Insert into HOSTALCLARITA.TIPO_CAMBIO_VALOR (ID_TIPO_CAMBIO_VALOR,ID_TIPO_CAMBIO,FECHA,VALOR_TIPO_CAMBIO) values ('164','1',to_date('13/06/17','DD/MM/RR'),'661,63');
Insert into HOSTALCLARITA.TIPO_CAMBIO_VALOR (ID_TIPO_CAMBIO_VALOR,ID_TIPO_CAMBIO,FECHA,VALOR_TIPO_CAMBIO) values ('165','1',to_date('14/06/17','DD/MM/RR'),'662,19');
Insert into HOSTALCLARITA.TIPO_CAMBIO_VALOR (ID_TIPO_CAMBIO_VALOR,ID_TIPO_CAMBIO,FECHA,VALOR_TIPO_CAMBIO) values ('166','1',to_date('15/06/17','DD/MM/RR'),'659,46');
Insert into HOSTALCLARITA.TIPO_CAMBIO_VALOR (ID_TIPO_CAMBIO_VALOR,ID_TIPO_CAMBIO,FECHA,VALOR_TIPO_CAMBIO) values ('167','1',to_date('16/06/17','DD/MM/RR'),'665,23');
Insert into HOSTALCLARITA.TIPO_CAMBIO_VALOR (ID_TIPO_CAMBIO_VALOR,ID_TIPO_CAMBIO,FECHA,VALOR_TIPO_CAMBIO) values ('168','1',to_date('17/06/17','DD/MM/RR'),'665,23');
Insert into HOSTALCLARITA.TIPO_CAMBIO_VALOR (ID_TIPO_CAMBIO_VALOR,ID_TIPO_CAMBIO,FECHA,VALOR_TIPO_CAMBIO) values ('169','1',to_date('18/06/17','DD/MM/RR'),'665,23');
Insert into HOSTALCLARITA.TIPO_CAMBIO_VALOR (ID_TIPO_CAMBIO_VALOR,ID_TIPO_CAMBIO,FECHA,VALOR_TIPO_CAMBIO) values ('170','1',to_date('19/06/17','DD/MM/RR'),'663,73');
Insert into HOSTALCLARITA.TIPO_CAMBIO_VALOR (ID_TIPO_CAMBIO_VALOR,ID_TIPO_CAMBIO,FECHA,VALOR_TIPO_CAMBIO) values ('171','1',to_date('20/06/17','DD/MM/RR'),'662,47');
Insert into HOSTALCLARITA.TIPO_CAMBIO_VALOR (ID_TIPO_CAMBIO_VALOR,ID_TIPO_CAMBIO,FECHA,VALOR_TIPO_CAMBIO) values ('172','1',to_date('21/06/17','DD/MM/RR'),'663,76');
Insert into HOSTALCLARITA.TIPO_CAMBIO_VALOR (ID_TIPO_CAMBIO_VALOR,ID_TIPO_CAMBIO,FECHA,VALOR_TIPO_CAMBIO) values ('173','1',to_date('22/06/17','DD/MM/RR'),'664,54');
Insert into HOSTALCLARITA.TIPO_CAMBIO_VALOR (ID_TIPO_CAMBIO_VALOR,ID_TIPO_CAMBIO,FECHA,VALOR_TIPO_CAMBIO) values ('174','1',to_date('23/06/17','DD/MM/RR'),'664');
Insert into HOSTALCLARITA.TIPO_CAMBIO_VALOR (ID_TIPO_CAMBIO_VALOR,ID_TIPO_CAMBIO,FECHA,VALOR_TIPO_CAMBIO) values ('175','1',to_date('24/06/17','DD/MM/RR'),'664');
Insert into HOSTALCLARITA.TIPO_CAMBIO_VALOR (ID_TIPO_CAMBIO_VALOR,ID_TIPO_CAMBIO,FECHA,VALOR_TIPO_CAMBIO) values ('176','1',to_date('25/06/17','DD/MM/RR'),'664');
Insert into HOSTALCLARITA.TIPO_CAMBIO_VALOR (ID_TIPO_CAMBIO_VALOR,ID_TIPO_CAMBIO,FECHA,VALOR_TIPO_CAMBIO) values ('177','1',to_date('26/06/17','DD/MM/RR'),'664');
Insert into HOSTALCLARITA.TIPO_CAMBIO_VALOR (ID_TIPO_CAMBIO_VALOR,ID_TIPO_CAMBIO,FECHA,VALOR_TIPO_CAMBIO) values ('178','1',to_date('27/06/17','DD/MM/RR'),'661,72');
Insert into HOSTALCLARITA.TIPO_CAMBIO_VALOR (ID_TIPO_CAMBIO_VALOR,ID_TIPO_CAMBIO,FECHA,VALOR_TIPO_CAMBIO) values ('179','1',to_date('28/06/17','DD/MM/RR'),'662,09');
Insert into HOSTALCLARITA.TIPO_CAMBIO_VALOR (ID_TIPO_CAMBIO_VALOR,ID_TIPO_CAMBIO,FECHA,VALOR_TIPO_CAMBIO) values ('180','1',to_date('29/06/17','DD/MM/RR'),'662,36');
Insert into HOSTALCLARITA.TIPO_CAMBIO_VALOR (ID_TIPO_CAMBIO_VALOR,ID_TIPO_CAMBIO,FECHA,VALOR_TIPO_CAMBIO) values ('181','1',to_date('30/06/17','DD/MM/RR'),'663,21');
Insert into HOSTALCLARITA.TIPO_CAMBIO_VALOR (ID_TIPO_CAMBIO_VALOR,ID_TIPO_CAMBIO,FECHA,VALOR_TIPO_CAMBIO) values ('182','1',to_date('01/07/17','DD/MM/RR'),'663,21');
Insert into HOSTALCLARITA.TIPO_CAMBIO_VALOR (ID_TIPO_CAMBIO_VALOR,ID_TIPO_CAMBIO,FECHA,VALOR_TIPO_CAMBIO) values ('183','1',to_date('02/07/17','DD/MM/RR'),'663,21');
Insert into HOSTALCLARITA.TIPO_CAMBIO_VALOR (ID_TIPO_CAMBIO_VALOR,ID_TIPO_CAMBIO,FECHA,VALOR_TIPO_CAMBIO) values ('184','1',to_date('03/07/17','DD/MM/RR'),'664,29');
Insert into HOSTALCLARITA.TIPO_CAMBIO_VALOR (ID_TIPO_CAMBIO_VALOR,ID_TIPO_CAMBIO,FECHA,VALOR_TIPO_CAMBIO) values ('185','1',to_date('04/07/17','DD/MM/RR'),'661,95');
Insert into HOSTALCLARITA.TIPO_CAMBIO_VALOR (ID_TIPO_CAMBIO_VALOR,ID_TIPO_CAMBIO,FECHA,VALOR_TIPO_CAMBIO) values ('186','1',to_date('05/07/17','DD/MM/RR'),'663,36');
Insert into HOSTALCLARITA.TIPO_CAMBIO_VALOR (ID_TIPO_CAMBIO_VALOR,ID_TIPO_CAMBIO,FECHA,VALOR_TIPO_CAMBIO) values ('187','1',to_date('06/07/17','DD/MM/RR'),'665,94');
Insert into HOSTALCLARITA.TIPO_CAMBIO_VALOR (ID_TIPO_CAMBIO_VALOR,ID_TIPO_CAMBIO,FECHA,VALOR_TIPO_CAMBIO) values ('188','1',to_date('07/07/17','DD/MM/RR'),'666,22');
Insert into HOSTALCLARITA.TIPO_CAMBIO_VALOR (ID_TIPO_CAMBIO_VALOR,ID_TIPO_CAMBIO,FECHA,VALOR_TIPO_CAMBIO) values ('189','1',to_date('08/07/17','DD/MM/RR'),'666,22');
Insert into HOSTALCLARITA.TIPO_CAMBIO_VALOR (ID_TIPO_CAMBIO_VALOR,ID_TIPO_CAMBIO,FECHA,VALOR_TIPO_CAMBIO) values ('190','1',to_date('09/07/17','DD/MM/RR'),'666,22');
Insert into HOSTALCLARITA.TIPO_CAMBIO_VALOR (ID_TIPO_CAMBIO_VALOR,ID_TIPO_CAMBIO,FECHA,VALOR_TIPO_CAMBIO) values ('191','1',to_date('10/07/17','DD/MM/RR'),'666,61');
Insert into HOSTALCLARITA.TIPO_CAMBIO_VALOR (ID_TIPO_CAMBIO_VALOR,ID_TIPO_CAMBIO,FECHA,VALOR_TIPO_CAMBIO) values ('192','1',to_date('11/07/17','DD/MM/RR'),'666,53');
Insert into HOSTALCLARITA.TIPO_CAMBIO_VALOR (ID_TIPO_CAMBIO_VALOR,ID_TIPO_CAMBIO,FECHA,VALOR_TIPO_CAMBIO) values ('193','1',to_date('12/07/17','DD/MM/RR'),'666,59');
Insert into HOSTALCLARITA.TIPO_CAMBIO_VALOR (ID_TIPO_CAMBIO_VALOR,ID_TIPO_CAMBIO,FECHA,VALOR_TIPO_CAMBIO) values ('194','1',to_date('13/07/17','DD/MM/RR'),'663,46');
Insert into HOSTALCLARITA.TIPO_CAMBIO_VALOR (ID_TIPO_CAMBIO_VALOR,ID_TIPO_CAMBIO,FECHA,VALOR_TIPO_CAMBIO) values ('195','1',to_date('14/07/17','DD/MM/RR'),'660,71');
Insert into HOSTALCLARITA.TIPO_CAMBIO_VALOR (ID_TIPO_CAMBIO_VALOR,ID_TIPO_CAMBIO,FECHA,VALOR_TIPO_CAMBIO) values ('196','1',to_date('15/07/17','DD/MM/RR'),'660,71');
Insert into HOSTALCLARITA.TIPO_CAMBIO_VALOR (ID_TIPO_CAMBIO_VALOR,ID_TIPO_CAMBIO,FECHA,VALOR_TIPO_CAMBIO) values ('197','1',to_date('16/07/17','DD/MM/RR'),'660,71');
Insert into HOSTALCLARITA.TIPO_CAMBIO_VALOR (ID_TIPO_CAMBIO_VALOR,ID_TIPO_CAMBIO,FECHA,VALOR_TIPO_CAMBIO) values ('198','1',to_date('17/07/17','DD/MM/RR'),'658,18');
Insert into HOSTALCLARITA.TIPO_CAMBIO_VALOR (ID_TIPO_CAMBIO_VALOR,ID_TIPO_CAMBIO,FECHA,VALOR_TIPO_CAMBIO) values ('199','1',to_date('18/07/17','DD/MM/RR'),'656,92');
Insert into HOSTALCLARITA.TIPO_CAMBIO_VALOR (ID_TIPO_CAMBIO_VALOR,ID_TIPO_CAMBIO,FECHA,VALOR_TIPO_CAMBIO) values ('200','1',to_date('19/07/17','DD/MM/RR'),'656,01');
Insert into HOSTALCLARITA.TIPO_CAMBIO_VALOR (ID_TIPO_CAMBIO_VALOR,ID_TIPO_CAMBIO,FECHA,VALOR_TIPO_CAMBIO) values ('201','1',to_date('20/07/17','DD/MM/RR'),'653,71');
Insert into HOSTALCLARITA.TIPO_CAMBIO_VALOR (ID_TIPO_CAMBIO_VALOR,ID_TIPO_CAMBIO,FECHA,VALOR_TIPO_CAMBIO) values ('202','1',to_date('21/07/17','DD/MM/RR'),'651,56');
Insert into HOSTALCLARITA.TIPO_CAMBIO_VALOR (ID_TIPO_CAMBIO_VALOR,ID_TIPO_CAMBIO,FECHA,VALOR_TIPO_CAMBIO) values ('203','1',to_date('22/07/17','DD/MM/RR'),'651,56');
Insert into HOSTALCLARITA.TIPO_CAMBIO_VALOR (ID_TIPO_CAMBIO_VALOR,ID_TIPO_CAMBIO,FECHA,VALOR_TIPO_CAMBIO) values ('204','1',to_date('23/07/17','DD/MM/RR'),'651,56');
Insert into HOSTALCLARITA.TIPO_CAMBIO_VALOR (ID_TIPO_CAMBIO_VALOR,ID_TIPO_CAMBIO,FECHA,VALOR_TIPO_CAMBIO) values ('205','1',to_date('24/07/17','DD/MM/RR'),'651,82');
Insert into HOSTALCLARITA.TIPO_CAMBIO_VALOR (ID_TIPO_CAMBIO_VALOR,ID_TIPO_CAMBIO,FECHA,VALOR_TIPO_CAMBIO) values ('206','1',to_date('25/07/17','DD/MM/RR'),'650,65');
Insert into HOSTALCLARITA.TIPO_CAMBIO_VALOR (ID_TIPO_CAMBIO_VALOR,ID_TIPO_CAMBIO,FECHA,VALOR_TIPO_CAMBIO) values ('207','1',to_date('26/07/17','DD/MM/RR'),'648,77');
Insert into HOSTALCLARITA.TIPO_CAMBIO_VALOR (ID_TIPO_CAMBIO_VALOR,ID_TIPO_CAMBIO,FECHA,VALOR_TIPO_CAMBIO) values ('208','1',to_date('27/07/17','DD/MM/RR'),'648,75');
Insert into HOSTALCLARITA.TIPO_CAMBIO_VALOR (ID_TIPO_CAMBIO_VALOR,ID_TIPO_CAMBIO,FECHA,VALOR_TIPO_CAMBIO) values ('209','1',to_date('28/07/17','DD/MM/RR'),'647,99');
Insert into HOSTALCLARITA.TIPO_CAMBIO_VALOR (ID_TIPO_CAMBIO_VALOR,ID_TIPO_CAMBIO,FECHA,VALOR_TIPO_CAMBIO) values ('210','1',to_date('29/07/17','DD/MM/RR'),'647,99');
Insert into HOSTALCLARITA.TIPO_CAMBIO_VALOR (ID_TIPO_CAMBIO_VALOR,ID_TIPO_CAMBIO,FECHA,VALOR_TIPO_CAMBIO) values ('211','1',to_date('30/07/17','DD/MM/RR'),'647,99');
Insert into HOSTALCLARITA.TIPO_CAMBIO_VALOR (ID_TIPO_CAMBIO_VALOR,ID_TIPO_CAMBIO,FECHA,VALOR_TIPO_CAMBIO) values ('212','1',to_date('31/07/17','DD/MM/RR'),'651,58');
Insert into HOSTALCLARITA.TIPO_CAMBIO_VALOR (ID_TIPO_CAMBIO_VALOR,ID_TIPO_CAMBIO,FECHA,VALOR_TIPO_CAMBIO) values ('213','1',to_date('01/08/17','DD/MM/RR'),'652,23');
Insert into HOSTALCLARITA.TIPO_CAMBIO_VALOR (ID_TIPO_CAMBIO_VALOR,ID_TIPO_CAMBIO,FECHA,VALOR_TIPO_CAMBIO) values ('214','1',to_date('02/08/17','DD/MM/RR'),'651,93');
Insert into HOSTALCLARITA.TIPO_CAMBIO_VALOR (ID_TIPO_CAMBIO_VALOR,ID_TIPO_CAMBIO,FECHA,VALOR_TIPO_CAMBIO) values ('215','1',to_date('03/08/17','DD/MM/RR'),'652,77');
Insert into HOSTALCLARITA.TIPO_CAMBIO_VALOR (ID_TIPO_CAMBIO_VALOR,ID_TIPO_CAMBIO,FECHA,VALOR_TIPO_CAMBIO) values ('216','1',to_date('04/08/17','DD/MM/RR'),'650,17');
Insert into HOSTALCLARITA.TIPO_CAMBIO_VALOR (ID_TIPO_CAMBIO_VALOR,ID_TIPO_CAMBIO,FECHA,VALOR_TIPO_CAMBIO) values ('217','1',to_date('05/08/17','DD/MM/RR'),'650,17');
Insert into HOSTALCLARITA.TIPO_CAMBIO_VALOR (ID_TIPO_CAMBIO_VALOR,ID_TIPO_CAMBIO,FECHA,VALOR_TIPO_CAMBIO) values ('218','1',to_date('06/08/17','DD/MM/RR'),'650,17');
Insert into HOSTALCLARITA.TIPO_CAMBIO_VALOR (ID_TIPO_CAMBIO_VALOR,ID_TIPO_CAMBIO,FECHA,VALOR_TIPO_CAMBIO) values ('219','1',to_date('07/08/17','DD/MM/RR'),'649,88');
Insert into HOSTALCLARITA.TIPO_CAMBIO_VALOR (ID_TIPO_CAMBIO_VALOR,ID_TIPO_CAMBIO,FECHA,VALOR_TIPO_CAMBIO) values ('220','1',to_date('08/08/17','DD/MM/RR'),'650,52');
Insert into HOSTALCLARITA.TIPO_CAMBIO_VALOR (ID_TIPO_CAMBIO_VALOR,ID_TIPO_CAMBIO,FECHA,VALOR_TIPO_CAMBIO) values ('221','1',to_date('09/08/17','DD/MM/RR'),'649,53');
Insert into HOSTALCLARITA.TIPO_CAMBIO_VALOR (ID_TIPO_CAMBIO_VALOR,ID_TIPO_CAMBIO,FECHA,VALOR_TIPO_CAMBIO) values ('222','1',to_date('10/08/17','DD/MM/RR'),'649,5');
Insert into HOSTALCLARITA.TIPO_CAMBIO_VALOR (ID_TIPO_CAMBIO_VALOR,ID_TIPO_CAMBIO,FECHA,VALOR_TIPO_CAMBIO) values ('223','1',to_date('11/08/17','DD/MM/RR'),'647,42');
Insert into HOSTALCLARITA.TIPO_CAMBIO_VALOR (ID_TIPO_CAMBIO_VALOR,ID_TIPO_CAMBIO,FECHA,VALOR_TIPO_CAMBIO) values ('224','1',to_date('12/08/17','DD/MM/RR'),'647,42');
Insert into HOSTALCLARITA.TIPO_CAMBIO_VALOR (ID_TIPO_CAMBIO_VALOR,ID_TIPO_CAMBIO,FECHA,VALOR_TIPO_CAMBIO) values ('225','1',to_date('13/08/17','DD/MM/RR'),'647,42');
Insert into HOSTALCLARITA.TIPO_CAMBIO_VALOR (ID_TIPO_CAMBIO_VALOR,ID_TIPO_CAMBIO,FECHA,VALOR_TIPO_CAMBIO) values ('226','1',to_date('14/08/17','DD/MM/RR'),'647,77');
Insert into HOSTALCLARITA.TIPO_CAMBIO_VALOR (ID_TIPO_CAMBIO_VALOR,ID_TIPO_CAMBIO,FECHA,VALOR_TIPO_CAMBIO) values ('227','1',to_date('15/08/17','DD/MM/RR'),'647,77');
Insert into HOSTALCLARITA.TIPO_CAMBIO_VALOR (ID_TIPO_CAMBIO_VALOR,ID_TIPO_CAMBIO,FECHA,VALOR_TIPO_CAMBIO) values ('228','1',to_date('16/08/17','DD/MM/RR'),'647,59');
Insert into HOSTALCLARITA.TIPO_CAMBIO_VALOR (ID_TIPO_CAMBIO_VALOR,ID_TIPO_CAMBIO,FECHA,VALOR_TIPO_CAMBIO) values ('229','1',to_date('17/08/17','DD/MM/RR'),'645,86');
Insert into HOSTALCLARITA.TIPO_CAMBIO_VALOR (ID_TIPO_CAMBIO_VALOR,ID_TIPO_CAMBIO,FECHA,VALOR_TIPO_CAMBIO) values ('230','1',to_date('18/08/17','DD/MM/RR'),'645,29');
Insert into HOSTALCLARITA.TIPO_CAMBIO_VALOR (ID_TIPO_CAMBIO_VALOR,ID_TIPO_CAMBIO,FECHA,VALOR_TIPO_CAMBIO) values ('231','1',to_date('19/08/17','DD/MM/RR'),'645,29');
Insert into HOSTALCLARITA.TIPO_CAMBIO_VALOR (ID_TIPO_CAMBIO_VALOR,ID_TIPO_CAMBIO,FECHA,VALOR_TIPO_CAMBIO) values ('232','1',to_date('20/08/17','DD/MM/RR'),'645,29');
Insert into HOSTALCLARITA.TIPO_CAMBIO_VALOR (ID_TIPO_CAMBIO_VALOR,ID_TIPO_CAMBIO,FECHA,VALOR_TIPO_CAMBIO) values ('233','1',to_date('21/08/17','DD/MM/RR'),'646,57');
Insert into HOSTALCLARITA.TIPO_CAMBIO_VALOR (ID_TIPO_CAMBIO_VALOR,ID_TIPO_CAMBIO,FECHA,VALOR_TIPO_CAMBIO) values ('234','1',to_date('22/08/17','DD/MM/RR'),'642,73');
Insert into HOSTALCLARITA.TIPO_CAMBIO_VALOR (ID_TIPO_CAMBIO_VALOR,ID_TIPO_CAMBIO,FECHA,VALOR_TIPO_CAMBIO) values ('235','1',to_date('23/08/17','DD/MM/RR'),'641,47');
Insert into HOSTALCLARITA.TIPO_CAMBIO_VALOR (ID_TIPO_CAMBIO_VALOR,ID_TIPO_CAMBIO,FECHA,VALOR_TIPO_CAMBIO) values ('236','1',to_date('24/08/17','DD/MM/RR'),'641,47');
Insert into HOSTALCLARITA.TIPO_CAMBIO_VALOR (ID_TIPO_CAMBIO_VALOR,ID_TIPO_CAMBIO,FECHA,VALOR_TIPO_CAMBIO) values ('237','1',to_date('25/08/17','DD/MM/RR'),'638,64');
Insert into HOSTALCLARITA.TIPO_CAMBIO_VALOR (ID_TIPO_CAMBIO_VALOR,ID_TIPO_CAMBIO,FECHA,VALOR_TIPO_CAMBIO) values ('238','1',to_date('26/08/17','DD/MM/RR'),'638,64');
Insert into HOSTALCLARITA.TIPO_CAMBIO_VALOR (ID_TIPO_CAMBIO_VALOR,ID_TIPO_CAMBIO,FECHA,VALOR_TIPO_CAMBIO) values ('239','1',to_date('27/08/17','DD/MM/RR'),'638,64');
Insert into HOSTALCLARITA.TIPO_CAMBIO_VALOR (ID_TIPO_CAMBIO_VALOR,ID_TIPO_CAMBIO,FECHA,VALOR_TIPO_CAMBIO) values ('240','1',to_date('28/08/17','DD/MM/RR'),'636,61');
Insert into HOSTALCLARITA.TIPO_CAMBIO_VALOR (ID_TIPO_CAMBIO_VALOR,ID_TIPO_CAMBIO,FECHA,VALOR_TIPO_CAMBIO) values ('241','1',to_date('29/08/17','DD/MM/RR'),'630,33');
Insert into HOSTALCLARITA.TIPO_CAMBIO_VALOR (ID_TIPO_CAMBIO_VALOR,ID_TIPO_CAMBIO,FECHA,VALOR_TIPO_CAMBIO) values ('242','1',to_date('30/08/17','DD/MM/RR'),'626,68');
Insert into HOSTALCLARITA.TIPO_CAMBIO_VALOR (ID_TIPO_CAMBIO_VALOR,ID_TIPO_CAMBIO,FECHA,VALOR_TIPO_CAMBIO) values ('243','1',to_date('31/08/17','DD/MM/RR'),'628,36');
Insert into HOSTALCLARITA.TIPO_CAMBIO_VALOR (ID_TIPO_CAMBIO_VALOR,ID_TIPO_CAMBIO,FECHA,VALOR_TIPO_CAMBIO) values ('244','1',to_date('01/09/17','DD/MM/RR'),'628,89');
Insert into HOSTALCLARITA.TIPO_CAMBIO_VALOR (ID_TIPO_CAMBIO_VALOR,ID_TIPO_CAMBIO,FECHA,VALOR_TIPO_CAMBIO) values ('245','1',to_date('02/09/17','DD/MM/RR'),'628,89');
Insert into HOSTALCLARITA.TIPO_CAMBIO_VALOR (ID_TIPO_CAMBIO_VALOR,ID_TIPO_CAMBIO,FECHA,VALOR_TIPO_CAMBIO) values ('246','1',to_date('03/09/17','DD/MM/RR'),'628,89');
Insert into HOSTALCLARITA.TIPO_CAMBIO_VALOR (ID_TIPO_CAMBIO_VALOR,ID_TIPO_CAMBIO,FECHA,VALOR_TIPO_CAMBIO) values ('247','1',to_date('04/09/17','DD/MM/RR'),'624,2');
Insert into HOSTALCLARITA.TIPO_CAMBIO_VALOR (ID_TIPO_CAMBIO_VALOR,ID_TIPO_CAMBIO,FECHA,VALOR_TIPO_CAMBIO) values ('248','1',to_date('05/09/17','DD/MM/RR'),'624,68');
Insert into HOSTALCLARITA.TIPO_CAMBIO_VALOR (ID_TIPO_CAMBIO_VALOR,ID_TIPO_CAMBIO,FECHA,VALOR_TIPO_CAMBIO) values ('249','1',to_date('06/09/17','DD/MM/RR'),'621,55');
Insert into HOSTALCLARITA.TIPO_CAMBIO_VALOR (ID_TIPO_CAMBIO_VALOR,ID_TIPO_CAMBIO,FECHA,VALOR_TIPO_CAMBIO) values ('250','1',to_date('07/09/17','DD/MM/RR'),'620,59');
Insert into HOSTALCLARITA.TIPO_CAMBIO_VALOR (ID_TIPO_CAMBIO_VALOR,ID_TIPO_CAMBIO,FECHA,VALOR_TIPO_CAMBIO) values ('251','1',to_date('08/09/17','DD/MM/RR'),'615,58');
Insert into HOSTALCLARITA.TIPO_CAMBIO_VALOR (ID_TIPO_CAMBIO_VALOR,ID_TIPO_CAMBIO,FECHA,VALOR_TIPO_CAMBIO) values ('252','1',to_date('09/09/17','DD/MM/RR'),'615,58');
Insert into HOSTALCLARITA.TIPO_CAMBIO_VALOR (ID_TIPO_CAMBIO_VALOR,ID_TIPO_CAMBIO,FECHA,VALOR_TIPO_CAMBIO) values ('253','1',to_date('10/09/17','DD/MM/RR'),'615,58');
Insert into HOSTALCLARITA.TIPO_CAMBIO_VALOR (ID_TIPO_CAMBIO_VALOR,ID_TIPO_CAMBIO,FECHA,VALOR_TIPO_CAMBIO) values ('254','1',to_date('11/09/17','DD/MM/RR'),'618,36');
Insert into HOSTALCLARITA.TIPO_CAMBIO_VALOR (ID_TIPO_CAMBIO_VALOR,ID_TIPO_CAMBIO,FECHA,VALOR_TIPO_CAMBIO) values ('255','1',to_date('12/09/17','DD/MM/RR'),'621,69');
Insert into HOSTALCLARITA.TIPO_CAMBIO_VALOR (ID_TIPO_CAMBIO_VALOR,ID_TIPO_CAMBIO,FECHA,VALOR_TIPO_CAMBIO) values ('256','1',to_date('13/09/17','DD/MM/RR'),'624,31');
Insert into HOSTALCLARITA.TIPO_CAMBIO_VALOR (ID_TIPO_CAMBIO_VALOR,ID_TIPO_CAMBIO,FECHA,VALOR_TIPO_CAMBIO) values ('257','1',to_date('14/09/17','DD/MM/RR'),'626,12');
Insert into HOSTALCLARITA.TIPO_CAMBIO_VALOR (ID_TIPO_CAMBIO_VALOR,ID_TIPO_CAMBIO,FECHA,VALOR_TIPO_CAMBIO) values ('258','1',to_date('15/09/17','DD/MM/RR'),'627,26');
Insert into HOSTALCLARITA.TIPO_CAMBIO_VALOR (ID_TIPO_CAMBIO_VALOR,ID_TIPO_CAMBIO,FECHA,VALOR_TIPO_CAMBIO) values ('259','1',to_date('16/09/17','DD/MM/RR'),'627,26');
Insert into HOSTALCLARITA.TIPO_CAMBIO_VALOR (ID_TIPO_CAMBIO_VALOR,ID_TIPO_CAMBIO,FECHA,VALOR_TIPO_CAMBIO) values ('260','1',to_date('17/09/17','DD/MM/RR'),'627,26');
Insert into HOSTALCLARITA.TIPO_CAMBIO_VALOR (ID_TIPO_CAMBIO_VALOR,ID_TIPO_CAMBIO,FECHA,VALOR_TIPO_CAMBIO) values ('261','1',to_date('18/09/17','DD/MM/RR'),'627,26');
Insert into HOSTALCLARITA.TIPO_CAMBIO_VALOR (ID_TIPO_CAMBIO_VALOR,ID_TIPO_CAMBIO,FECHA,VALOR_TIPO_CAMBIO) values ('262','1',to_date('19/09/17','DD/MM/RR'),'627,26');
Insert into HOSTALCLARITA.TIPO_CAMBIO_VALOR (ID_TIPO_CAMBIO_VALOR,ID_TIPO_CAMBIO,FECHA,VALOR_TIPO_CAMBIO) values ('263','1',to_date('20/09/17','DD/MM/RR'),'625,53');
Insert into HOSTALCLARITA.TIPO_CAMBIO_VALOR (ID_TIPO_CAMBIO_VALOR,ID_TIPO_CAMBIO,FECHA,VALOR_TIPO_CAMBIO) values ('264','1',to_date('21/09/17','DD/MM/RR'),'621,87');
Insert into HOSTALCLARITA.TIPO_CAMBIO_VALOR (ID_TIPO_CAMBIO_VALOR,ID_TIPO_CAMBIO,FECHA,VALOR_TIPO_CAMBIO) values ('265','1',to_date('22/09/17','DD/MM/RR'),'623,94');
Insert into HOSTALCLARITA.TIPO_CAMBIO_VALOR (ID_TIPO_CAMBIO_VALOR,ID_TIPO_CAMBIO,FECHA,VALOR_TIPO_CAMBIO) values ('266','1',to_date('23/09/17','DD/MM/RR'),'623,94');
Insert into HOSTALCLARITA.TIPO_CAMBIO_VALOR (ID_TIPO_CAMBIO_VALOR,ID_TIPO_CAMBIO,FECHA,VALOR_TIPO_CAMBIO) values ('267','1',to_date('24/09/17','DD/MM/RR'),'623,94');
Insert into HOSTALCLARITA.TIPO_CAMBIO_VALOR (ID_TIPO_CAMBIO_VALOR,ID_TIPO_CAMBIO,FECHA,VALOR_TIPO_CAMBIO) values ('268','1',to_date('25/09/17','DD/MM/RR'),'623,85');
Insert into HOSTALCLARITA.TIPO_CAMBIO_VALOR (ID_TIPO_CAMBIO_VALOR,ID_TIPO_CAMBIO,FECHA,VALOR_TIPO_CAMBIO) values ('269','1',to_date('26/09/17','DD/MM/RR'),'628,37');
Insert into HOSTALCLARITA.TIPO_CAMBIO_VALOR (ID_TIPO_CAMBIO_VALOR,ID_TIPO_CAMBIO,FECHA,VALOR_TIPO_CAMBIO) values ('270','1',to_date('27/09/17','DD/MM/RR'),'633,37');
Insert into HOSTALCLARITA.TIPO_CAMBIO_VALOR (ID_TIPO_CAMBIO_VALOR,ID_TIPO_CAMBIO,FECHA,VALOR_TIPO_CAMBIO) values ('271','1',to_date('28/09/17','DD/MM/RR'),'638,28');
Insert into HOSTALCLARITA.TIPO_CAMBIO_VALOR (ID_TIPO_CAMBIO_VALOR,ID_TIPO_CAMBIO,FECHA,VALOR_TIPO_CAMBIO) values ('272','1',to_date('29/09/17','DD/MM/RR'),'636,85');
Insert into HOSTALCLARITA.TIPO_CAMBIO_VALOR (ID_TIPO_CAMBIO_VALOR,ID_TIPO_CAMBIO,FECHA,VALOR_TIPO_CAMBIO) values ('273','1',to_date('30/09/17','DD/MM/RR'),'636,85');
Insert into HOSTALCLARITA.TIPO_CAMBIO_VALOR (ID_TIPO_CAMBIO_VALOR,ID_TIPO_CAMBIO,FECHA,VALOR_TIPO_CAMBIO) values ('274','1',to_date('01/10/17','DD/MM/RR'),'636,85');
Insert into HOSTALCLARITA.TIPO_CAMBIO_VALOR (ID_TIPO_CAMBIO_VALOR,ID_TIPO_CAMBIO,FECHA,VALOR_TIPO_CAMBIO) values ('275','1',to_date('02/10/17','DD/MM/RR'),'637,93');
Insert into HOSTALCLARITA.TIPO_CAMBIO_VALOR (ID_TIPO_CAMBIO_VALOR,ID_TIPO_CAMBIO,FECHA,VALOR_TIPO_CAMBIO) values ('276','1',to_date('03/10/17','DD/MM/RR'),'640,52');
Insert into HOSTALCLARITA.TIPO_CAMBIO_VALOR (ID_TIPO_CAMBIO_VALOR,ID_TIPO_CAMBIO,FECHA,VALOR_TIPO_CAMBIO) values ('277','1',to_date('04/10/17','DD/MM/RR'),'635,79');
Insert into HOSTALCLARITA.TIPO_CAMBIO_VALOR (ID_TIPO_CAMBIO_VALOR,ID_TIPO_CAMBIO,FECHA,VALOR_TIPO_CAMBIO) values ('278','1',to_date('05/10/17','DD/MM/RR'),'630,67');
Insert into HOSTALCLARITA.TIPO_CAMBIO_VALOR (ID_TIPO_CAMBIO_VALOR,ID_TIPO_CAMBIO,FECHA,VALOR_TIPO_CAMBIO) values ('279','1',to_date('06/10/17','DD/MM/RR'),'628,84');
Insert into HOSTALCLARITA.TIPO_CAMBIO_VALOR (ID_TIPO_CAMBIO_VALOR,ID_TIPO_CAMBIO,FECHA,VALOR_TIPO_CAMBIO) values ('280','1',to_date('07/10/17','DD/MM/RR'),'628,84');
Insert into HOSTALCLARITA.TIPO_CAMBIO_VALOR (ID_TIPO_CAMBIO_VALOR,ID_TIPO_CAMBIO,FECHA,VALOR_TIPO_CAMBIO) values ('281','1',to_date('08/10/17','DD/MM/RR'),'628,84');
Insert into HOSTALCLARITA.TIPO_CAMBIO_VALOR (ID_TIPO_CAMBIO_VALOR,ID_TIPO_CAMBIO,FECHA,VALOR_TIPO_CAMBIO) values ('282','1',to_date('09/10/17','DD/MM/RR'),'628,84');
Insert into HOSTALCLARITA.TIPO_CAMBIO_VALOR (ID_TIPO_CAMBIO_VALOR,ID_TIPO_CAMBIO,FECHA,VALOR_TIPO_CAMBIO) values ('283','1',to_date('10/10/17','DD/MM/RR'),'633,32');
Insert into HOSTALCLARITA.TIPO_CAMBIO_VALOR (ID_TIPO_CAMBIO_VALOR,ID_TIPO_CAMBIO,FECHA,VALOR_TIPO_CAMBIO) values ('284','1',to_date('11/10/17','DD/MM/RR'),'628,8');
Insert into HOSTALCLARITA.TIPO_CAMBIO_VALOR (ID_TIPO_CAMBIO_VALOR,ID_TIPO_CAMBIO,FECHA,VALOR_TIPO_CAMBIO) values ('285','1',to_date('12/10/17','DD/MM/RR'),'626,77');
Insert into HOSTALCLARITA.TIPO_CAMBIO_VALOR (ID_TIPO_CAMBIO_VALOR,ID_TIPO_CAMBIO,FECHA,VALOR_TIPO_CAMBIO) values ('286','1',to_date('13/10/17','DD/MM/RR'),'624,99');
Insert into HOSTALCLARITA.TIPO_CAMBIO_VALOR (ID_TIPO_CAMBIO_VALOR,ID_TIPO_CAMBIO,FECHA,VALOR_TIPO_CAMBIO) values ('287','1',to_date('14/10/17','DD/MM/RR'),'624,99');
Insert into HOSTALCLARITA.TIPO_CAMBIO_VALOR (ID_TIPO_CAMBIO_VALOR,ID_TIPO_CAMBIO,FECHA,VALOR_TIPO_CAMBIO) values ('288','1',to_date('15/10/17','DD/MM/RR'),'624,99');
Insert into HOSTALCLARITA.TIPO_CAMBIO_VALOR (ID_TIPO_CAMBIO_VALOR,ID_TIPO_CAMBIO,FECHA,VALOR_TIPO_CAMBIO) values ('289','1',to_date('16/10/17','DD/MM/RR'),'622,13');
Insert into HOSTALCLARITA.TIPO_CAMBIO_VALOR (ID_TIPO_CAMBIO_VALOR,ID_TIPO_CAMBIO,FECHA,VALOR_TIPO_CAMBIO) values ('290','1',to_date('17/10/17','DD/MM/RR'),'619,68');
Insert into HOSTALCLARITA.TIPO_CAMBIO_VALOR (ID_TIPO_CAMBIO_VALOR,ID_TIPO_CAMBIO,FECHA,VALOR_TIPO_CAMBIO) values ('291','1',to_date('18/10/17','DD/MM/RR'),'622,07');
Insert into HOSTALCLARITA.TIPO_CAMBIO_VALOR (ID_TIPO_CAMBIO_VALOR,ID_TIPO_CAMBIO,FECHA,VALOR_TIPO_CAMBIO) values ('292','1',to_date('19/10/17','DD/MM/RR'),'625,03');
Insert into HOSTALCLARITA.TIPO_CAMBIO_VALOR (ID_TIPO_CAMBIO_VALOR,ID_TIPO_CAMBIO,FECHA,VALOR_TIPO_CAMBIO) values ('293','1',to_date('20/10/17','DD/MM/RR'),'625,55');
Insert into HOSTALCLARITA.TIPO_CAMBIO_VALOR (ID_TIPO_CAMBIO_VALOR,ID_TIPO_CAMBIO,FECHA,VALOR_TIPO_CAMBIO) values ('294','1',to_date('21/10/17','DD/MM/RR'),'625,55');
Insert into HOSTALCLARITA.TIPO_CAMBIO_VALOR (ID_TIPO_CAMBIO_VALOR,ID_TIPO_CAMBIO,FECHA,VALOR_TIPO_CAMBIO) values ('295','1',to_date('22/10/17','DD/MM/RR'),'625,55');
Insert into HOSTALCLARITA.TIPO_CAMBIO_VALOR (ID_TIPO_CAMBIO_VALOR,ID_TIPO_CAMBIO,FECHA,VALOR_TIPO_CAMBIO) values ('296','1',to_date('23/10/17','DD/MM/RR'),'628,68');
Insert into HOSTALCLARITA.TIPO_CAMBIO_VALOR (ID_TIPO_CAMBIO_VALOR,ID_TIPO_CAMBIO,FECHA,VALOR_TIPO_CAMBIO) values ('297','1',to_date('24/10/17','DD/MM/RR'),'630,97');
Insert into HOSTALCLARITA.TIPO_CAMBIO_VALOR (ID_TIPO_CAMBIO_VALOR,ID_TIPO_CAMBIO,FECHA,VALOR_TIPO_CAMBIO) values ('298','1',to_date('25/10/17','DD/MM/RR'),'631,96');
Insert into HOSTALCLARITA.TIPO_CAMBIO_VALOR (ID_TIPO_CAMBIO_VALOR,ID_TIPO_CAMBIO,FECHA,VALOR_TIPO_CAMBIO) values ('299','1',to_date('26/10/17','DD/MM/RR'),'631,12');
Insert into HOSTALCLARITA.TIPO_CAMBIO_VALOR (ID_TIPO_CAMBIO_VALOR,ID_TIPO_CAMBIO,FECHA,VALOR_TIPO_CAMBIO) values ('300','1',to_date('27/10/17','DD/MM/RR'),'631,12');
Insert into HOSTALCLARITA.TIPO_CAMBIO_VALOR (ID_TIPO_CAMBIO_VALOR,ID_TIPO_CAMBIO,FECHA,VALOR_TIPO_CAMBIO) values ('301','1',to_date('28/10/17','DD/MM/RR'),'631,12');
Insert into HOSTALCLARITA.TIPO_CAMBIO_VALOR (ID_TIPO_CAMBIO_VALOR,ID_TIPO_CAMBIO,FECHA,VALOR_TIPO_CAMBIO) values ('302','1',to_date('29/10/17','DD/MM/RR'),'631,12');
Insert into HOSTALCLARITA.TIPO_CAMBIO_VALOR (ID_TIPO_CAMBIO_VALOR,ID_TIPO_CAMBIO,FECHA,VALOR_TIPO_CAMBIO) values ('303','1',to_date('30/10/17','DD/MM/RR'),'629,62');
Insert into HOSTALCLARITA.TIPO_CAMBIO_VALOR (ID_TIPO_CAMBIO_VALOR,ID_TIPO_CAMBIO,FECHA,VALOR_TIPO_CAMBIO) values ('304','1',to_date('31/10/17','DD/MM/RR'),'636,49');
Insert into HOSTALCLARITA.TIPO_CAMBIO_VALOR (ID_TIPO_CAMBIO_VALOR,ID_TIPO_CAMBIO,FECHA,VALOR_TIPO_CAMBIO) values ('305','1',to_date('01/11/17','DD/MM/RR'),'636,49');
Insert into HOSTALCLARITA.TIPO_CAMBIO_VALOR (ID_TIPO_CAMBIO_VALOR,ID_TIPO_CAMBIO,FECHA,VALOR_TIPO_CAMBIO) values ('306','1',to_date('02/11/17','DD/MM/RR'),'636,8');
Insert into HOSTALCLARITA.TIPO_CAMBIO_VALOR (ID_TIPO_CAMBIO_VALOR,ID_TIPO_CAMBIO,FECHA,VALOR_TIPO_CAMBIO) values ('307','1',to_date('03/11/17','DD/MM/RR'),'631,97');
Insert into HOSTALCLARITA.TIPO_CAMBIO_VALOR (ID_TIPO_CAMBIO_VALOR,ID_TIPO_CAMBIO,FECHA,VALOR_TIPO_CAMBIO) values ('308','1',to_date('04/11/17','DD/MM/RR'),'631,97');
Insert into HOSTALCLARITA.TIPO_CAMBIO_VALOR (ID_TIPO_CAMBIO_VALOR,ID_TIPO_CAMBIO,FECHA,VALOR_TIPO_CAMBIO) values ('309','1',to_date('05/11/17','DD/MM/RR'),'631,97');
Insert into HOSTALCLARITA.TIPO_CAMBIO_VALOR (ID_TIPO_CAMBIO_VALOR,ID_TIPO_CAMBIO,FECHA,VALOR_TIPO_CAMBIO) values ('310','1',to_date('06/11/17','DD/MM/RR'),'630,81');
Insert into HOSTALCLARITA.TIPO_CAMBIO_VALOR (ID_TIPO_CAMBIO_VALOR,ID_TIPO_CAMBIO,FECHA,VALOR_TIPO_CAMBIO) values ('311','1',to_date('07/11/17','DD/MM/RR'),'632,97');
Insert into HOSTALCLARITA.TIPO_CAMBIO_VALOR (ID_TIPO_CAMBIO_VALOR,ID_TIPO_CAMBIO,FECHA,VALOR_TIPO_CAMBIO) values ('312','1',to_date('08/11/17','DD/MM/RR'),'633,72');
Insert into HOSTALCLARITA.TIPO_CAMBIO_VALOR (ID_TIPO_CAMBIO_VALOR,ID_TIPO_CAMBIO,FECHA,VALOR_TIPO_CAMBIO) values ('313','1',to_date('09/11/17','DD/MM/RR'),'631,8');
Insert into HOSTALCLARITA.TIPO_CAMBIO_VALOR (ID_TIPO_CAMBIO_VALOR,ID_TIPO_CAMBIO,FECHA,VALOR_TIPO_CAMBIO) values ('314','1',to_date('10/11/17','DD/MM/RR'),'631,46');
Insert into HOSTALCLARITA.TIPO_CAMBIO_VALOR (ID_TIPO_CAMBIO_VALOR,ID_TIPO_CAMBIO,FECHA,VALOR_TIPO_CAMBIO) values ('315','1',to_date('11/11/17','DD/MM/RR'),'631,46');
Insert into HOSTALCLARITA.TIPO_CAMBIO_VALOR (ID_TIPO_CAMBIO_VALOR,ID_TIPO_CAMBIO,FECHA,VALOR_TIPO_CAMBIO) values ('316','1',to_date('12/11/17','DD/MM/RR'),'631,46');
Insert into HOSTALCLARITA.TIPO_CAMBIO_VALOR (ID_TIPO_CAMBIO_VALOR,ID_TIPO_CAMBIO,FECHA,VALOR_TIPO_CAMBIO) values ('317','1',to_date('13/11/17','DD/MM/RR'),'630,61');
Insert into HOSTALCLARITA.TIPO_CAMBIO_VALOR (ID_TIPO_CAMBIO_VALOR,ID_TIPO_CAMBIO,FECHA,VALOR_TIPO_CAMBIO) values ('318','1',to_date('14/11/17','DD/MM/RR'),'632,43');
Insert into HOSTALCLARITA.TIPO_CAMBIO_VALOR (ID_TIPO_CAMBIO_VALOR,ID_TIPO_CAMBIO,FECHA,VALOR_TIPO_CAMBIO) values ('319','1',to_date('15/11/17','DD/MM/RR'),'630,59');
Insert into HOSTALCLARITA.TIPO_CAMBIO_VALOR (ID_TIPO_CAMBIO_VALOR,ID_TIPO_CAMBIO,FECHA,VALOR_TIPO_CAMBIO) values ('320','1',to_date('16/11/17','DD/MM/RR'),'631,9');
Insert into HOSTALCLARITA.TIPO_CAMBIO_VALOR (ID_TIPO_CAMBIO_VALOR,ID_TIPO_CAMBIO,FECHA,VALOR_TIPO_CAMBIO) values ('321','1',to_date('17/11/17','DD/MM/RR'),'630,41');
Insert into HOSTALCLARITA.TIPO_CAMBIO_VALOR (ID_TIPO_CAMBIO_VALOR,ID_TIPO_CAMBIO,FECHA,VALOR_TIPO_CAMBIO) values ('322','1',to_date('18/11/17','DD/MM/RR'),'630,41');
Insert into HOSTALCLARITA.TIPO_CAMBIO_VALOR (ID_TIPO_CAMBIO_VALOR,ID_TIPO_CAMBIO,FECHA,VALOR_TIPO_CAMBIO) values ('323','1',to_date('19/11/17','DD/MM/RR'),'630,41');
Insert into HOSTALCLARITA.TIPO_CAMBIO_VALOR (ID_TIPO_CAMBIO_VALOR,ID_TIPO_CAMBIO,FECHA,VALOR_TIPO_CAMBIO) values ('324','1',to_date('20/11/17','DD/MM/RR'),'629,21');
Insert into HOSTALCLARITA.TIPO_CAMBIO_VALOR (ID_TIPO_CAMBIO_VALOR,ID_TIPO_CAMBIO,FECHA,VALOR_TIPO_CAMBIO) values ('325','1',to_date('21/11/17','DD/MM/RR'),'636,71');
Insert into HOSTALCLARITA.TIPO_CAMBIO_VALOR (ID_TIPO_CAMBIO_VALOR,ID_TIPO_CAMBIO,FECHA,VALOR_TIPO_CAMBIO) values ('326','1',to_date('22/11/17','DD/MM/RR'),'635,72');
Insert into HOSTALCLARITA.TIPO_CAMBIO_VALOR (ID_TIPO_CAMBIO_VALOR,ID_TIPO_CAMBIO,FECHA,VALOR_TIPO_CAMBIO) values ('327','1',to_date('23/11/17','DD/MM/RR'),'634,82');
Insert into HOSTALCLARITA.TIPO_CAMBIO_VALOR (ID_TIPO_CAMBIO_VALOR,ID_TIPO_CAMBIO,FECHA,VALOR_TIPO_CAMBIO) values ('328','1',to_date('24/11/17','DD/MM/RR'),'634,23');
Insert into HOSTALCLARITA.TIPO_CAMBIO_VALOR (ID_TIPO_CAMBIO_VALOR,ID_TIPO_CAMBIO,FECHA,VALOR_TIPO_CAMBIO) values ('329','1',to_date('25/11/17','DD/MM/RR'),'634,23');
Insert into HOSTALCLARITA.TIPO_CAMBIO_VALOR (ID_TIPO_CAMBIO_VALOR,ID_TIPO_CAMBIO,FECHA,VALOR_TIPO_CAMBIO) values ('330','1',to_date('26/11/17','DD/MM/RR'),'634,23');
Insert into HOSTALCLARITA.TIPO_CAMBIO_VALOR (ID_TIPO_CAMBIO_VALOR,ID_TIPO_CAMBIO,FECHA,VALOR_TIPO_CAMBIO) values ('331','1',to_date('27/11/17','DD/MM/RR'),'633,66');
Insert into HOSTALCLARITA.TIPO_CAMBIO_VALOR (ID_TIPO_CAMBIO_VALOR,ID_TIPO_CAMBIO,FECHA,VALOR_TIPO_CAMBIO) values ('332','1',to_date('28/11/17','DD/MM/RR'),'635,8');
Insert into HOSTALCLARITA.TIPO_CAMBIO_VALOR (ID_TIPO_CAMBIO_VALOR,ID_TIPO_CAMBIO,FECHA,VALOR_TIPO_CAMBIO) values ('333','1',to_date('29/11/17','DD/MM/RR'),'641,09');
Insert into HOSTALCLARITA.TIPO_CAMBIO_VALOR (ID_TIPO_CAMBIO_VALOR,ID_TIPO_CAMBIO,FECHA,VALOR_TIPO_CAMBIO) values ('334','1',to_date('30/11/17','DD/MM/RR'),'642,41');
Insert into HOSTALCLARITA.TIPO_CAMBIO_VALOR (ID_TIPO_CAMBIO_VALOR,ID_TIPO_CAMBIO,FECHA,VALOR_TIPO_CAMBIO) values ('335','1',to_date('01/12/17','DD/MM/RR'),'645,32');
Insert into HOSTALCLARITA.TIPO_CAMBIO_VALOR (ID_TIPO_CAMBIO_VALOR,ID_TIPO_CAMBIO,FECHA,VALOR_TIPO_CAMBIO) values ('336','1',to_date('02/12/17','DD/MM/RR'),'645,32');
Insert into HOSTALCLARITA.TIPO_CAMBIO_VALOR (ID_TIPO_CAMBIO_VALOR,ID_TIPO_CAMBIO,FECHA,VALOR_TIPO_CAMBIO) values ('337','1',to_date('03/12/17','DD/MM/RR'),'645,32');
Insert into HOSTALCLARITA.TIPO_CAMBIO_VALOR (ID_TIPO_CAMBIO_VALOR,ID_TIPO_CAMBIO,FECHA,VALOR_TIPO_CAMBIO) values ('338','1',to_date('04/12/17','DD/MM/RR'),'648,78');
Insert into HOSTALCLARITA.TIPO_CAMBIO_VALOR (ID_TIPO_CAMBIO_VALOR,ID_TIPO_CAMBIO,FECHA,VALOR_TIPO_CAMBIO) values ('339','1',to_date('05/12/17','DD/MM/RR'),'648,21');
Insert into HOSTALCLARITA.TIPO_CAMBIO_VALOR (ID_TIPO_CAMBIO_VALOR,ID_TIPO_CAMBIO,FECHA,VALOR_TIPO_CAMBIO) values ('340','1',to_date('06/12/17','DD/MM/RR'),'652,52');
Insert into HOSTALCLARITA.TIPO_CAMBIO_VALOR (ID_TIPO_CAMBIO_VALOR,ID_TIPO_CAMBIO,FECHA,VALOR_TIPO_CAMBIO) values ('341','1',to_date('07/12/17','DD/MM/RR'),'653,82');
Insert into HOSTALCLARITA.TIPO_CAMBIO_VALOR (ID_TIPO_CAMBIO_VALOR,ID_TIPO_CAMBIO,FECHA,VALOR_TIPO_CAMBIO) values ('342','1',to_date('08/12/17','DD/MM/RR'),'653,82');
Insert into HOSTALCLARITA.TIPO_CAMBIO_VALOR (ID_TIPO_CAMBIO_VALOR,ID_TIPO_CAMBIO,FECHA,VALOR_TIPO_CAMBIO) values ('343','1',to_date('09/12/17','DD/MM/RR'),'653,82');
Insert into HOSTALCLARITA.TIPO_CAMBIO_VALOR (ID_TIPO_CAMBIO_VALOR,ID_TIPO_CAMBIO,FECHA,VALOR_TIPO_CAMBIO) values ('344','1',to_date('10/12/17','DD/MM/RR'),'653,82');
Insert into HOSTALCLARITA.TIPO_CAMBIO_VALOR (ID_TIPO_CAMBIO_VALOR,ID_TIPO_CAMBIO,FECHA,VALOR_TIPO_CAMBIO) values ('345','1',to_date('11/12/17','DD/MM/RR'),'655,27');
Insert into HOSTALCLARITA.TIPO_CAMBIO_VALOR (ID_TIPO_CAMBIO_VALOR,ID_TIPO_CAMBIO,FECHA,VALOR_TIPO_CAMBIO) values ('346','1',to_date('12/12/17','DD/MM/RR'),'655,53');
Insert into HOSTALCLARITA.TIPO_CAMBIO_VALOR (ID_TIPO_CAMBIO_VALOR,ID_TIPO_CAMBIO,FECHA,VALOR_TIPO_CAMBIO) values ('347','1',to_date('13/12/17','DD/MM/RR'),'655,74');
Insert into HOSTALCLARITA.TIPO_CAMBIO_VALOR (ID_TIPO_CAMBIO_VALOR,ID_TIPO_CAMBIO,FECHA,VALOR_TIPO_CAMBIO) values ('348','1',to_date('14/12/17','DD/MM/RR'),'649,4');
Insert into HOSTALCLARITA.TIPO_CAMBIO_VALOR (ID_TIPO_CAMBIO_VALOR,ID_TIPO_CAMBIO,FECHA,VALOR_TIPO_CAMBIO) values ('349','1',to_date('15/12/17','DD/MM/RR'),'641,05');
Insert into HOSTALCLARITA.TIPO_CAMBIO_VALOR (ID_TIPO_CAMBIO_VALOR,ID_TIPO_CAMBIO,FECHA,VALOR_TIPO_CAMBIO) values ('350','1',to_date('16/12/17','DD/MM/RR'),'641,05');
Insert into HOSTALCLARITA.TIPO_CAMBIO_VALOR (ID_TIPO_CAMBIO_VALOR,ID_TIPO_CAMBIO,FECHA,VALOR_TIPO_CAMBIO) values ('351','1',to_date('17/12/17','DD/MM/RR'),'641,05');
Insert into HOSTALCLARITA.TIPO_CAMBIO_VALOR (ID_TIPO_CAMBIO_VALOR,ID_TIPO_CAMBIO,FECHA,VALOR_TIPO_CAMBIO) values ('352','1',to_date('18/12/17','DD/MM/RR'),'638,37');
Insert into HOSTALCLARITA.TIPO_CAMBIO_VALOR (ID_TIPO_CAMBIO_VALOR,ID_TIPO_CAMBIO,FECHA,VALOR_TIPO_CAMBIO) values ('353','1',to_date('19/12/17','DD/MM/RR'),'622,86');
Insert into HOSTALCLARITA.TIPO_CAMBIO_VALOR (ID_TIPO_CAMBIO_VALOR,ID_TIPO_CAMBIO,FECHA,VALOR_TIPO_CAMBIO) values ('354','1',to_date('20/12/17','DD/MM/RR'),'620,62');
Insert into HOSTALCLARITA.TIPO_CAMBIO_VALOR (ID_TIPO_CAMBIO_VALOR,ID_TIPO_CAMBIO,FECHA,VALOR_TIPO_CAMBIO) values ('355','1',to_date('21/12/17','DD/MM/RR'),'620,58');
Insert into HOSTALCLARITA.TIPO_CAMBIO_VALOR (ID_TIPO_CAMBIO_VALOR,ID_TIPO_CAMBIO,FECHA,VALOR_TIPO_CAMBIO) values ('356','1',to_date('22/12/17','DD/MM/RR'),'620,54');
Insert into HOSTALCLARITA.TIPO_CAMBIO_VALOR (ID_TIPO_CAMBIO_VALOR,ID_TIPO_CAMBIO,FECHA,VALOR_TIPO_CAMBIO) values ('357','1',to_date('23/12/17','DD/MM/RR'),'620,54');
Insert into HOSTALCLARITA.TIPO_CAMBIO_VALOR (ID_TIPO_CAMBIO_VALOR,ID_TIPO_CAMBIO,FECHA,VALOR_TIPO_CAMBIO) values ('358','1',to_date('24/12/17','DD/MM/RR'),'620,54');
Insert into HOSTALCLARITA.TIPO_CAMBIO_VALOR (ID_TIPO_CAMBIO_VALOR,ID_TIPO_CAMBIO,FECHA,VALOR_TIPO_CAMBIO) values ('359','1',to_date('25/12/17','DD/MM/RR'),'620,54');
Insert into HOSTALCLARITA.TIPO_CAMBIO_VALOR (ID_TIPO_CAMBIO_VALOR,ID_TIPO_CAMBIO,FECHA,VALOR_TIPO_CAMBIO) values ('360','1',to_date('26/12/17','DD/MM/RR'),'622,11');
Insert into HOSTALCLARITA.TIPO_CAMBIO_VALOR (ID_TIPO_CAMBIO_VALOR,ID_TIPO_CAMBIO,FECHA,VALOR_TIPO_CAMBIO) values ('361','1',to_date('27/12/17','DD/MM/RR'),'619,03');
Insert into HOSTALCLARITA.TIPO_CAMBIO_VALOR (ID_TIPO_CAMBIO_VALOR,ID_TIPO_CAMBIO,FECHA,VALOR_TIPO_CAMBIO) values ('362','1',to_date('28/12/17','DD/MM/RR'),'616,58');
Insert into HOSTALCLARITA.TIPO_CAMBIO_VALOR (ID_TIPO_CAMBIO_VALOR,ID_TIPO_CAMBIO,FECHA,VALOR_TIPO_CAMBIO) values ('363','1',to_date('29/12/17','DD/MM/RR'),'615,22');
Insert into HOSTALCLARITA.TIPO_CAMBIO_VALOR (ID_TIPO_CAMBIO_VALOR,ID_TIPO_CAMBIO,FECHA,VALOR_TIPO_CAMBIO) values ('364','1',to_date('30/12/17','DD/MM/RR'),'615,22');
Insert into HOSTALCLARITA.TIPO_CAMBIO_VALOR (ID_TIPO_CAMBIO_VALOR,ID_TIPO_CAMBIO,FECHA,VALOR_TIPO_CAMBIO) values ('365','1',to_date('31/12/17','DD/MM/RR'),'615,22');
Insert into HOSTALCLARITA.TIPO_CAMBIO_VALOR (ID_TIPO_CAMBIO_VALOR,ID_TIPO_CAMBIO,FECHA,VALOR_TIPO_CAMBIO) values ('366','1',to_date('01/01/18','DD/MM/RR'),'615,22');
Insert into HOSTALCLARITA.TIPO_CAMBIO_VALOR (ID_TIPO_CAMBIO_VALOR,ID_TIPO_CAMBIO,FECHA,VALOR_TIPO_CAMBIO) values ('367','1',to_date('02/01/18','DD/MM/RR'),'614,75');
Insert into HOSTALCLARITA.TIPO_CAMBIO_VALOR (ID_TIPO_CAMBIO_VALOR,ID_TIPO_CAMBIO,FECHA,VALOR_TIPO_CAMBIO) values ('368','1',to_date('03/01/18','DD/MM/RR'),'609,49');
Insert into HOSTALCLARITA.TIPO_CAMBIO_VALOR (ID_TIPO_CAMBIO_VALOR,ID_TIPO_CAMBIO,FECHA,VALOR_TIPO_CAMBIO) values ('369','1',to_date('04/01/18','DD/MM/RR'),'604,84');
Insert into HOSTALCLARITA.TIPO_CAMBIO_VALOR (ID_TIPO_CAMBIO_VALOR,ID_TIPO_CAMBIO,FECHA,VALOR_TIPO_CAMBIO) values ('370','1',to_date('05/01/18','DD/MM/RR'),'604');
Insert into HOSTALCLARITA.TIPO_CAMBIO_VALOR (ID_TIPO_CAMBIO_VALOR,ID_TIPO_CAMBIO,FECHA,VALOR_TIPO_CAMBIO) values ('371','1',to_date('06/01/18','DD/MM/RR'),'604');
Insert into HOSTALCLARITA.TIPO_CAMBIO_VALOR (ID_TIPO_CAMBIO_VALOR,ID_TIPO_CAMBIO,FECHA,VALOR_TIPO_CAMBIO) values ('372','1',to_date('07/01/18','DD/MM/RR'),'604');
Insert into HOSTALCLARITA.TIPO_CAMBIO_VALOR (ID_TIPO_CAMBIO_VALOR,ID_TIPO_CAMBIO,FECHA,VALOR_TIPO_CAMBIO) values ('373','1',to_date('08/01/18','DD/MM/RR'),'606,04');
Insert into HOSTALCLARITA.TIPO_CAMBIO_VALOR (ID_TIPO_CAMBIO_VALOR,ID_TIPO_CAMBIO,FECHA,VALOR_TIPO_CAMBIO) values ('374','1',to_date('09/01/18','DD/MM/RR'),'606,29');
Insert into HOSTALCLARITA.TIPO_CAMBIO_VALOR (ID_TIPO_CAMBIO_VALOR,ID_TIPO_CAMBIO,FECHA,VALOR_TIPO_CAMBIO) values ('375','1',to_date('10/01/18','DD/MM/RR'),'607,25');
Insert into HOSTALCLARITA.TIPO_CAMBIO_VALOR (ID_TIPO_CAMBIO_VALOR,ID_TIPO_CAMBIO,FECHA,VALOR_TIPO_CAMBIO) values ('376','1',to_date('11/01/18','DD/MM/RR'),'609,17');
Insert into HOSTALCLARITA.TIPO_CAMBIO_VALOR (ID_TIPO_CAMBIO_VALOR,ID_TIPO_CAMBIO,FECHA,VALOR_TIPO_CAMBIO) values ('377','1',to_date('12/01/18','DD/MM/RR'),'608,04');
Insert into HOSTALCLARITA.TIPO_CAMBIO_VALOR (ID_TIPO_CAMBIO_VALOR,ID_TIPO_CAMBIO,FECHA,VALOR_TIPO_CAMBIO) values ('378','1',to_date('13/01/18','DD/MM/RR'),'608,04');
Insert into HOSTALCLARITA.TIPO_CAMBIO_VALOR (ID_TIPO_CAMBIO_VALOR,ID_TIPO_CAMBIO,FECHA,VALOR_TIPO_CAMBIO) values ('379','1',to_date('14/01/18','DD/MM/RR'),'608,04');
Insert into HOSTALCLARITA.TIPO_CAMBIO_VALOR (ID_TIPO_CAMBIO_VALOR,ID_TIPO_CAMBIO,FECHA,VALOR_TIPO_CAMBIO) values ('380','1',to_date('15/01/18','DD/MM/RR'),'604,09');
Insert into HOSTALCLARITA.TIPO_CAMBIO_VALOR (ID_TIPO_CAMBIO_VALOR,ID_TIPO_CAMBIO,FECHA,VALOR_TIPO_CAMBIO) values ('381','1',to_date('16/01/18','DD/MM/RR'),'601,69');
Insert into HOSTALCLARITA.TIPO_CAMBIO_VALOR (ID_TIPO_CAMBIO_VALOR,ID_TIPO_CAMBIO,FECHA,VALOR_TIPO_CAMBIO) values ('382','1',to_date('17/01/18','DD/MM/RR'),'601,69');
Insert into HOSTALCLARITA.TIPO_CAMBIO_VALOR (ID_TIPO_CAMBIO_VALOR,ID_TIPO_CAMBIO,FECHA,VALOR_TIPO_CAMBIO) values ('383','1',to_date('18/01/18','DD/MM/RR'),'604,99');
Insert into HOSTALCLARITA.TIPO_CAMBIO_VALOR (ID_TIPO_CAMBIO_VALOR,ID_TIPO_CAMBIO,FECHA,VALOR_TIPO_CAMBIO) values ('384','1',to_date('19/01/18','DD/MM/RR'),'605,45');
Insert into HOSTALCLARITA.TIPO_CAMBIO_VALOR (ID_TIPO_CAMBIO_VALOR,ID_TIPO_CAMBIO,FECHA,VALOR_TIPO_CAMBIO) values ('385','1',to_date('20/01/18','DD/MM/RR'),'605,45');
Insert into HOSTALCLARITA.TIPO_CAMBIO_VALOR (ID_TIPO_CAMBIO_VALOR,ID_TIPO_CAMBIO,FECHA,VALOR_TIPO_CAMBIO) values ('386','1',to_date('21/01/18','DD/MM/RR'),'605,45');
Insert into HOSTALCLARITA.TIPO_CAMBIO_VALOR (ID_TIPO_CAMBIO_VALOR,ID_TIPO_CAMBIO,FECHA,VALOR_TIPO_CAMBIO) values ('387','1',to_date('22/01/18','DD/MM/RR'),'606,55');
Insert into HOSTALCLARITA.TIPO_CAMBIO_VALOR (ID_TIPO_CAMBIO_VALOR,ID_TIPO_CAMBIO,FECHA,VALOR_TIPO_CAMBIO) values ('388','1',to_date('23/01/18','DD/MM/RR'),'606,28');
Insert into HOSTALCLARITA.TIPO_CAMBIO_VALOR (ID_TIPO_CAMBIO_VALOR,ID_TIPO_CAMBIO,FECHA,VALOR_TIPO_CAMBIO) values ('389','1',to_date('24/01/18','DD/MM/RR'),'608,15');
Insert into HOSTALCLARITA.TIPO_CAMBIO_VALOR (ID_TIPO_CAMBIO_VALOR,ID_TIPO_CAMBIO,FECHA,VALOR_TIPO_CAMBIO) values ('390','1',to_date('25/01/18','DD/MM/RR'),'604,12');
Insert into HOSTALCLARITA.TIPO_CAMBIO_VALOR (ID_TIPO_CAMBIO_VALOR,ID_TIPO_CAMBIO,FECHA,VALOR_TIPO_CAMBIO) values ('391','1',to_date('26/01/18','DD/MM/RR'),'599,33');
Insert into HOSTALCLARITA.TIPO_CAMBIO_VALOR (ID_TIPO_CAMBIO_VALOR,ID_TIPO_CAMBIO,FECHA,VALOR_TIPO_CAMBIO) values ('392','1',to_date('27/01/18','DD/MM/RR'),'599,33');
Insert into HOSTALCLARITA.TIPO_CAMBIO_VALOR (ID_TIPO_CAMBIO_VALOR,ID_TIPO_CAMBIO,FECHA,VALOR_TIPO_CAMBIO) values ('393','1',to_date('28/01/18','DD/MM/RR'),'599,33');
Insert into HOSTALCLARITA.TIPO_CAMBIO_VALOR (ID_TIPO_CAMBIO_VALOR,ID_TIPO_CAMBIO,FECHA,VALOR_TIPO_CAMBIO) values ('394','1',to_date('29/01/18','DD/MM/RR'),'600,37');
Insert into HOSTALCLARITA.TIPO_CAMBIO_VALOR (ID_TIPO_CAMBIO_VALOR,ID_TIPO_CAMBIO,FECHA,VALOR_TIPO_CAMBIO) values ('395','1',to_date('30/01/18','DD/MM/RR'),'604,63');
Insert into HOSTALCLARITA.TIPO_CAMBIO_VALOR (ID_TIPO_CAMBIO_VALOR,ID_TIPO_CAMBIO,FECHA,VALOR_TIPO_CAMBIO) values ('396','1',to_date('31/01/18','DD/MM/RR'),'604,42');
Insert into HOSTALCLARITA.TIPO_CAMBIO_VALOR (ID_TIPO_CAMBIO_VALOR,ID_TIPO_CAMBIO,FECHA,VALOR_TIPO_CAMBIO) values ('397','1',to_date('01/02/18','DD/MM/RR'),'603,25');
Insert into HOSTALCLARITA.TIPO_CAMBIO_VALOR (ID_TIPO_CAMBIO_VALOR,ID_TIPO_CAMBIO,FECHA,VALOR_TIPO_CAMBIO) values ('398','1',to_date('02/02/18','DD/MM/RR'),'599,19');
Insert into HOSTALCLARITA.TIPO_CAMBIO_VALOR (ID_TIPO_CAMBIO_VALOR,ID_TIPO_CAMBIO,FECHA,VALOR_TIPO_CAMBIO) values ('399','1',to_date('03/02/18','DD/MM/RR'),'599,19');
Insert into HOSTALCLARITA.TIPO_CAMBIO_VALOR (ID_TIPO_CAMBIO_VALOR,ID_TIPO_CAMBIO,FECHA,VALOR_TIPO_CAMBIO) values ('400','1',to_date('04/02/18','DD/MM/RR'),'599,19');
Insert into HOSTALCLARITA.TIPO_CAMBIO_VALOR (ID_TIPO_CAMBIO_VALOR,ID_TIPO_CAMBIO,FECHA,VALOR_TIPO_CAMBIO) values ('401','1',to_date('05/02/18','DD/MM/RR'),'601,26');
Insert into HOSTALCLARITA.TIPO_CAMBIO_VALOR (ID_TIPO_CAMBIO_VALOR,ID_TIPO_CAMBIO,FECHA,VALOR_TIPO_CAMBIO) values ('402','1',to_date('06/02/18','DD/MM/RR'),'603,07');
Insert into HOSTALCLARITA.TIPO_CAMBIO_VALOR (ID_TIPO_CAMBIO_VALOR,ID_TIPO_CAMBIO,FECHA,VALOR_TIPO_CAMBIO) values ('403','1',to_date('07/02/18','DD/MM/RR'),'601,23');
Insert into HOSTALCLARITA.TIPO_CAMBIO_VALOR (ID_TIPO_CAMBIO_VALOR,ID_TIPO_CAMBIO,FECHA,VALOR_TIPO_CAMBIO) values ('404','1',to_date('08/02/18','DD/MM/RR'),'596,53');
Insert into HOSTALCLARITA.TIPO_CAMBIO_VALOR (ID_TIPO_CAMBIO_VALOR,ID_TIPO_CAMBIO,FECHA,VALOR_TIPO_CAMBIO) values ('405','1',to_date('09/02/18','DD/MM/RR'),'600,74');
Insert into HOSTALCLARITA.TIPO_CAMBIO_VALOR (ID_TIPO_CAMBIO_VALOR,ID_TIPO_CAMBIO,FECHA,VALOR_TIPO_CAMBIO) values ('406','1',to_date('10/02/18','DD/MM/RR'),'600,74');
Insert into HOSTALCLARITA.TIPO_CAMBIO_VALOR (ID_TIPO_CAMBIO_VALOR,ID_TIPO_CAMBIO,FECHA,VALOR_TIPO_CAMBIO) values ('407','1',to_date('11/02/18','DD/MM/RR'),'600,74');
Insert into HOSTALCLARITA.TIPO_CAMBIO_VALOR (ID_TIPO_CAMBIO_VALOR,ID_TIPO_CAMBIO,FECHA,VALOR_TIPO_CAMBIO) values ('408','1',to_date('12/02/18','DD/MM/RR'),'603,07');
Insert into HOSTALCLARITA.TIPO_CAMBIO_VALOR (ID_TIPO_CAMBIO_VALOR,ID_TIPO_CAMBIO,FECHA,VALOR_TIPO_CAMBIO) values ('409','1',to_date('13/02/18','DD/MM/RR'),'600,35');
Insert into HOSTALCLARITA.TIPO_CAMBIO_VALOR (ID_TIPO_CAMBIO_VALOR,ID_TIPO_CAMBIO,FECHA,VALOR_TIPO_CAMBIO) values ('410','1',to_date('14/02/18','DD/MM/RR'),'596,99');
Insert into HOSTALCLARITA.TIPO_CAMBIO_VALOR (ID_TIPO_CAMBIO_VALOR,ID_TIPO_CAMBIO,FECHA,VALOR_TIPO_CAMBIO) values ('411','1',to_date('15/02/18','DD/MM/RR'),'596,66');
Insert into HOSTALCLARITA.TIPO_CAMBIO_VALOR (ID_TIPO_CAMBIO_VALOR,ID_TIPO_CAMBIO,FECHA,VALOR_TIPO_CAMBIO) values ('412','1',to_date('16/02/18','DD/MM/RR'),'592,66');
Insert into HOSTALCLARITA.TIPO_CAMBIO_VALOR (ID_TIPO_CAMBIO_VALOR,ID_TIPO_CAMBIO,FECHA,VALOR_TIPO_CAMBIO) values ('413','1',to_date('17/02/18','DD/MM/RR'),'592,66');
Insert into HOSTALCLARITA.TIPO_CAMBIO_VALOR (ID_TIPO_CAMBIO_VALOR,ID_TIPO_CAMBIO,FECHA,VALOR_TIPO_CAMBIO) values ('414','1',to_date('18/02/18','DD/MM/RR'),'592,66');
Insert into HOSTALCLARITA.TIPO_CAMBIO_VALOR (ID_TIPO_CAMBIO_VALOR,ID_TIPO_CAMBIO,FECHA,VALOR_TIPO_CAMBIO) values ('415','1',to_date('19/02/18','DD/MM/RR'),'593,15');
Insert into HOSTALCLARITA.TIPO_CAMBIO_VALOR (ID_TIPO_CAMBIO_VALOR,ID_TIPO_CAMBIO,FECHA,VALOR_TIPO_CAMBIO) values ('416','1',to_date('20/02/18','DD/MM/RR'),'594,58');
Insert into HOSTALCLARITA.TIPO_CAMBIO_VALOR (ID_TIPO_CAMBIO_VALOR,ID_TIPO_CAMBIO,FECHA,VALOR_TIPO_CAMBIO) values ('417','1',to_date('21/02/18','DD/MM/RR'),'595,63');
Insert into HOSTALCLARITA.TIPO_CAMBIO_VALOR (ID_TIPO_CAMBIO_VALOR,ID_TIPO_CAMBIO,FECHA,VALOR_TIPO_CAMBIO) values ('418','1',to_date('22/02/18','DD/MM/RR'),'594,7');
Insert into HOSTALCLARITA.TIPO_CAMBIO_VALOR (ID_TIPO_CAMBIO_VALOR,ID_TIPO_CAMBIO,FECHA,VALOR_TIPO_CAMBIO) values ('419','1',to_date('23/02/18','DD/MM/RR'),'594,73');
Insert into HOSTALCLARITA.TIPO_CAMBIO_VALOR (ID_TIPO_CAMBIO_VALOR,ID_TIPO_CAMBIO,FECHA,VALOR_TIPO_CAMBIO) values ('420','1',to_date('24/02/18','DD/MM/RR'),'594,73');
Insert into HOSTALCLARITA.TIPO_CAMBIO_VALOR (ID_TIPO_CAMBIO_VALOR,ID_TIPO_CAMBIO,FECHA,VALOR_TIPO_CAMBIO) values ('421','1',to_date('25/02/18','DD/MM/RR'),'594,73');
Insert into HOSTALCLARITA.TIPO_CAMBIO_VALOR (ID_TIPO_CAMBIO_VALOR,ID_TIPO_CAMBIO,FECHA,VALOR_TIPO_CAMBIO) values ('422','1',to_date('26/02/18','DD/MM/RR'),'591,56');
Insert into HOSTALCLARITA.TIPO_CAMBIO_VALOR (ID_TIPO_CAMBIO_VALOR,ID_TIPO_CAMBIO,FECHA,VALOR_TIPO_CAMBIO) values ('423','1',to_date('27/02/18','DD/MM/RR'),'588,28');
Insert into HOSTALCLARITA.TIPO_CAMBIO_VALOR (ID_TIPO_CAMBIO_VALOR,ID_TIPO_CAMBIO,FECHA,VALOR_TIPO_CAMBIO) values ('424','1',to_date('28/02/18','DD/MM/RR'),'589,15');
Insert into HOSTALCLARITA.TIPO_CAMBIO_VALOR (ID_TIPO_CAMBIO_VALOR,ID_TIPO_CAMBIO,FECHA,VALOR_TIPO_CAMBIO) values ('425','1',to_date('01/03/18','DD/MM/RR'),'593,61');
Insert into HOSTALCLARITA.TIPO_CAMBIO_VALOR (ID_TIPO_CAMBIO_VALOR,ID_TIPO_CAMBIO,FECHA,VALOR_TIPO_CAMBIO) values ('426','1',to_date('02/03/18','DD/MM/RR'),'596,15');
Insert into HOSTALCLARITA.TIPO_CAMBIO_VALOR (ID_TIPO_CAMBIO_VALOR,ID_TIPO_CAMBIO,FECHA,VALOR_TIPO_CAMBIO) values ('427','1',to_date('03/03/18','DD/MM/RR'),'596,15');
Insert into HOSTALCLARITA.TIPO_CAMBIO_VALOR (ID_TIPO_CAMBIO_VALOR,ID_TIPO_CAMBIO,FECHA,VALOR_TIPO_CAMBIO) values ('428','1',to_date('04/03/18','DD/MM/RR'),'596,15');
Insert into HOSTALCLARITA.TIPO_CAMBIO_VALOR (ID_TIPO_CAMBIO_VALOR,ID_TIPO_CAMBIO,FECHA,VALOR_TIPO_CAMBIO) values ('429','1',to_date('05/03/18','DD/MM/RR'),'598,04');
Insert into HOSTALCLARITA.TIPO_CAMBIO_VALOR (ID_TIPO_CAMBIO_VALOR,ID_TIPO_CAMBIO,FECHA,VALOR_TIPO_CAMBIO) values ('430','1',to_date('06/03/18','DD/MM/RR'),'600,51');
Insert into HOSTALCLARITA.TIPO_CAMBIO_VALOR (ID_TIPO_CAMBIO_VALOR,ID_TIPO_CAMBIO,FECHA,VALOR_TIPO_CAMBIO) values ('431','1',to_date('07/03/18','DD/MM/RR'),'595,93');
Insert into HOSTALCLARITA.TIPO_CAMBIO_VALOR (ID_TIPO_CAMBIO_VALOR,ID_TIPO_CAMBIO,FECHA,VALOR_TIPO_CAMBIO) values ('432','1',to_date('08/03/18','DD/MM/RR'),'601,91');
Insert into HOSTALCLARITA.TIPO_CAMBIO_VALOR (ID_TIPO_CAMBIO_VALOR,ID_TIPO_CAMBIO,FECHA,VALOR_TIPO_CAMBIO) values ('433','1',to_date('09/03/18','DD/MM/RR'),'605,22');
Insert into HOSTALCLARITA.TIPO_CAMBIO_VALOR (ID_TIPO_CAMBIO_VALOR,ID_TIPO_CAMBIO,FECHA,VALOR_TIPO_CAMBIO) values ('434','1',to_date('10/03/18','DD/MM/RR'),'605,22');
Insert into HOSTALCLARITA.TIPO_CAMBIO_VALOR (ID_TIPO_CAMBIO_VALOR,ID_TIPO_CAMBIO,FECHA,VALOR_TIPO_CAMBIO) values ('435','1',to_date('11/03/18','DD/MM/RR'),'605,22');
Insert into HOSTALCLARITA.TIPO_CAMBIO_VALOR (ID_TIPO_CAMBIO_VALOR,ID_TIPO_CAMBIO,FECHA,VALOR_TIPO_CAMBIO) values ('436','1',to_date('12/03/18','DD/MM/RR'),'603,56');
Insert into HOSTALCLARITA.TIPO_CAMBIO_VALOR (ID_TIPO_CAMBIO_VALOR,ID_TIPO_CAMBIO,FECHA,VALOR_TIPO_CAMBIO) values ('437','1',to_date('13/03/18','DD/MM/RR'),'603,85');
Insert into HOSTALCLARITA.TIPO_CAMBIO_VALOR (ID_TIPO_CAMBIO_VALOR,ID_TIPO_CAMBIO,FECHA,VALOR_TIPO_CAMBIO) values ('438','1',to_date('14/03/18','DD/MM/RR'),'602,19');
Insert into HOSTALCLARITA.TIPO_CAMBIO_VALOR (ID_TIPO_CAMBIO_VALOR,ID_TIPO_CAMBIO,FECHA,VALOR_TIPO_CAMBIO) values ('439','1',to_date('15/03/18','DD/MM/RR'),'601,16');
Insert into HOSTALCLARITA.TIPO_CAMBIO_VALOR (ID_TIPO_CAMBIO_VALOR,ID_TIPO_CAMBIO,FECHA,VALOR_TIPO_CAMBIO) values ('440','1',to_date('16/03/18','DD/MM/RR'),'603,54');
Insert into HOSTALCLARITA.TIPO_CAMBIO_VALOR (ID_TIPO_CAMBIO_VALOR,ID_TIPO_CAMBIO,FECHA,VALOR_TIPO_CAMBIO) values ('441','1',to_date('17/03/18','DD/MM/RR'),'603,54');
Insert into HOSTALCLARITA.TIPO_CAMBIO_VALOR (ID_TIPO_CAMBIO_VALOR,ID_TIPO_CAMBIO,FECHA,VALOR_TIPO_CAMBIO) values ('442','1',to_date('18/03/18','DD/MM/RR'),'603,54');
Insert into HOSTALCLARITA.TIPO_CAMBIO_VALOR (ID_TIPO_CAMBIO_VALOR,ID_TIPO_CAMBIO,FECHA,VALOR_TIPO_CAMBIO) values ('443','1',to_date('19/03/18','DD/MM/RR'),'607,6');
Insert into HOSTALCLARITA.TIPO_CAMBIO_VALOR (ID_TIPO_CAMBIO_VALOR,ID_TIPO_CAMBIO,FECHA,VALOR_TIPO_CAMBIO) values ('444','1',to_date('20/03/18','DD/MM/RR'),'609,39');
Insert into HOSTALCLARITA.TIPO_CAMBIO_VALOR (ID_TIPO_CAMBIO_VALOR,ID_TIPO_CAMBIO,FECHA,VALOR_TIPO_CAMBIO) values ('445','1',to_date('21/03/18','DD/MM/RR'),'609,58');
Insert into HOSTALCLARITA.TIPO_CAMBIO_VALOR (ID_TIPO_CAMBIO_VALOR,ID_TIPO_CAMBIO,FECHA,VALOR_TIPO_CAMBIO) values ('446','1',to_date('22/03/18','DD/MM/RR'),'607,23');
Insert into HOSTALCLARITA.TIPO_CAMBIO_VALOR (ID_TIPO_CAMBIO_VALOR,ID_TIPO_CAMBIO,FECHA,VALOR_TIPO_CAMBIO) values ('447','1',to_date('23/03/18','DD/MM/RR'),'607,76');
Insert into HOSTALCLARITA.TIPO_CAMBIO_VALOR (ID_TIPO_CAMBIO_VALOR,ID_TIPO_CAMBIO,FECHA,VALOR_TIPO_CAMBIO) values ('448','1',to_date('24/03/18','DD/MM/RR'),'607,76');
Insert into HOSTALCLARITA.TIPO_CAMBIO_VALOR (ID_TIPO_CAMBIO_VALOR,ID_TIPO_CAMBIO,FECHA,VALOR_TIPO_CAMBIO) values ('449','1',to_date('25/03/18','DD/MM/RR'),'607,76');
Insert into HOSTALCLARITA.TIPO_CAMBIO_VALOR (ID_TIPO_CAMBIO_VALOR,ID_TIPO_CAMBIO,FECHA,VALOR_TIPO_CAMBIO) values ('450','1',to_date('26/03/18','DD/MM/RR'),'608,14');
Insert into HOSTALCLARITA.TIPO_CAMBIO_VALOR (ID_TIPO_CAMBIO_VALOR,ID_TIPO_CAMBIO,FECHA,VALOR_TIPO_CAMBIO) values ('451','1',to_date('27/03/18','DD/MM/RR'),'606,07');
Insert into HOSTALCLARITA.TIPO_CAMBIO_VALOR (ID_TIPO_CAMBIO_VALOR,ID_TIPO_CAMBIO,FECHA,VALOR_TIPO_CAMBIO) values ('452','1',to_date('28/03/18','DD/MM/RR'),'605,65');
Insert into HOSTALCLARITA.TIPO_CAMBIO_VALOR (ID_TIPO_CAMBIO_VALOR,ID_TIPO_CAMBIO,FECHA,VALOR_TIPO_CAMBIO) values ('453','1',to_date('29/03/18','DD/MM/RR'),'605,26');
Insert into HOSTALCLARITA.TIPO_CAMBIO_VALOR (ID_TIPO_CAMBIO_VALOR,ID_TIPO_CAMBIO,FECHA,VALOR_TIPO_CAMBIO) values ('454','1',to_date('30/03/18','DD/MM/RR'),'605,26');
Insert into HOSTALCLARITA.TIPO_CAMBIO_VALOR (ID_TIPO_CAMBIO_VALOR,ID_TIPO_CAMBIO,FECHA,VALOR_TIPO_CAMBIO) values ('455','1',to_date('31/03/18','DD/MM/RR'),'605,26');
Insert into HOSTALCLARITA.TIPO_CAMBIO_VALOR (ID_TIPO_CAMBIO_VALOR,ID_TIPO_CAMBIO,FECHA,VALOR_TIPO_CAMBIO) values ('456','1',to_date('01/04/18','DD/MM/RR'),'605,26');
Insert into HOSTALCLARITA.TIPO_CAMBIO_VALOR (ID_TIPO_CAMBIO_VALOR,ID_TIPO_CAMBIO,FECHA,VALOR_TIPO_CAMBIO) values ('457','1',to_date('02/04/18','DD/MM/RR'),'603,39');
Insert into HOSTALCLARITA.TIPO_CAMBIO_VALOR (ID_TIPO_CAMBIO_VALOR,ID_TIPO_CAMBIO,FECHA,VALOR_TIPO_CAMBIO) values ('458','1',to_date('03/04/18','DD/MM/RR'),'604,06');
Insert into HOSTALCLARITA.TIPO_CAMBIO_VALOR (ID_TIPO_CAMBIO_VALOR,ID_TIPO_CAMBIO,FECHA,VALOR_TIPO_CAMBIO) values ('459','1',to_date('04/04/18','DD/MM/RR'),'603,66');
Insert into HOSTALCLARITA.TIPO_CAMBIO_VALOR (ID_TIPO_CAMBIO_VALOR,ID_TIPO_CAMBIO,FECHA,VALOR_TIPO_CAMBIO) values ('460','1',to_date('05/04/18','DD/MM/RR'),'604,81');
Insert into HOSTALCLARITA.TIPO_CAMBIO_VALOR (ID_TIPO_CAMBIO_VALOR,ID_TIPO_CAMBIO,FECHA,VALOR_TIPO_CAMBIO) values ('461','1',to_date('06/04/18','DD/MM/RR'),'602,71');
Insert into HOSTALCLARITA.TIPO_CAMBIO_VALOR (ID_TIPO_CAMBIO_VALOR,ID_TIPO_CAMBIO,FECHA,VALOR_TIPO_CAMBIO) values ('462','1',to_date('07/04/18','DD/MM/RR'),'602,71');
Insert into HOSTALCLARITA.TIPO_CAMBIO_VALOR (ID_TIPO_CAMBIO_VALOR,ID_TIPO_CAMBIO,FECHA,VALOR_TIPO_CAMBIO) values ('463','1',to_date('08/04/18','DD/MM/RR'),'602,71');
Insert into HOSTALCLARITA.TIPO_CAMBIO_VALOR (ID_TIPO_CAMBIO_VALOR,ID_TIPO_CAMBIO,FECHA,VALOR_TIPO_CAMBIO) values ('464','1',to_date('09/04/18','DD/MM/RR'),'605,17');
Insert into HOSTALCLARITA.TIPO_CAMBIO_VALOR (ID_TIPO_CAMBIO_VALOR,ID_TIPO_CAMBIO,FECHA,VALOR_TIPO_CAMBIO) values ('465','1',to_date('10/04/18','DD/MM/RR'),'604,54');
Insert into HOSTALCLARITA.TIPO_CAMBIO_VALOR (ID_TIPO_CAMBIO_VALOR,ID_TIPO_CAMBIO,FECHA,VALOR_TIPO_CAMBIO) values ('466','1',to_date('11/04/18','DD/MM/RR'),'601,99');
Insert into HOSTALCLARITA.TIPO_CAMBIO_VALOR (ID_TIPO_CAMBIO_VALOR,ID_TIPO_CAMBIO,FECHA,VALOR_TIPO_CAMBIO) values ('467','1',to_date('12/04/18','DD/MM/RR'),'599,2');
Insert into HOSTALCLARITA.TIPO_CAMBIO_VALOR (ID_TIPO_CAMBIO_VALOR,ID_TIPO_CAMBIO,FECHA,VALOR_TIPO_CAMBIO) values ('468','1',to_date('13/04/18','DD/MM/RR'),'596,96');
Insert into HOSTALCLARITA.TIPO_CAMBIO_VALOR (ID_TIPO_CAMBIO_VALOR,ID_TIPO_CAMBIO,FECHA,VALOR_TIPO_CAMBIO) values ('469','1',to_date('14/04/18','DD/MM/RR'),'596,96');
Insert into HOSTALCLARITA.TIPO_CAMBIO_VALOR (ID_TIPO_CAMBIO_VALOR,ID_TIPO_CAMBIO,FECHA,VALOR_TIPO_CAMBIO) values ('470','1',to_date('15/04/18','DD/MM/RR'),'596,96');
Insert into HOSTALCLARITA.TIPO_CAMBIO_VALOR (ID_TIPO_CAMBIO_VALOR,ID_TIPO_CAMBIO,FECHA,VALOR_TIPO_CAMBIO) values ('471','1',to_date('16/04/18','DD/MM/RR'),'595,45');
Insert into HOSTALCLARITA.TIPO_CAMBIO_VALOR (ID_TIPO_CAMBIO_VALOR,ID_TIPO_CAMBIO,FECHA,VALOR_TIPO_CAMBIO) values ('472','1',to_date('17/04/18','DD/MM/RR'),'595,99');
Insert into HOSTALCLARITA.TIPO_CAMBIO_VALOR (ID_TIPO_CAMBIO_VALOR,ID_TIPO_CAMBIO,FECHA,VALOR_TIPO_CAMBIO) values ('473','1',to_date('18/04/18','DD/MM/RR'),'595,82');
Insert into HOSTALCLARITA.TIPO_CAMBIO_VALOR (ID_TIPO_CAMBIO_VALOR,ID_TIPO_CAMBIO,FECHA,VALOR_TIPO_CAMBIO) values ('474','1',to_date('19/04/18','DD/MM/RR'),'594,41');
Insert into HOSTALCLARITA.TIPO_CAMBIO_VALOR (ID_TIPO_CAMBIO_VALOR,ID_TIPO_CAMBIO,FECHA,VALOR_TIPO_CAMBIO) values ('475','1',to_date('20/04/18','DD/MM/RR'),'594,42');
Insert into HOSTALCLARITA.TIPO_CAMBIO_VALOR (ID_TIPO_CAMBIO_VALOR,ID_TIPO_CAMBIO,FECHA,VALOR_TIPO_CAMBIO) values ('476','1',to_date('21/04/18','DD/MM/RR'),'594,42');
Insert into HOSTALCLARITA.TIPO_CAMBIO_VALOR (ID_TIPO_CAMBIO_VALOR,ID_TIPO_CAMBIO,FECHA,VALOR_TIPO_CAMBIO) values ('477','1',to_date('22/04/18','DD/MM/RR'),'594,42');
Insert into HOSTALCLARITA.TIPO_CAMBIO_VALOR (ID_TIPO_CAMBIO_VALOR,ID_TIPO_CAMBIO,FECHA,VALOR_TIPO_CAMBIO) values ('478','1',to_date('23/04/18','DD/MM/RR'),'596,26');
Insert into HOSTALCLARITA.TIPO_CAMBIO_VALOR (ID_TIPO_CAMBIO_VALOR,ID_TIPO_CAMBIO,FECHA,VALOR_TIPO_CAMBIO) values ('479','1',to_date('24/04/18','DD/MM/RR'),'600,58');
Insert into HOSTALCLARITA.TIPO_CAMBIO_VALOR (ID_TIPO_CAMBIO_VALOR,ID_TIPO_CAMBIO,FECHA,VALOR_TIPO_CAMBIO) values ('480','1',to_date('25/04/18','DD/MM/RR'),'599,87');
Insert into HOSTALCLARITA.TIPO_CAMBIO_VALOR (ID_TIPO_CAMBIO_VALOR,ID_TIPO_CAMBIO,FECHA,VALOR_TIPO_CAMBIO) values ('481','1',to_date('26/04/18','DD/MM/RR'),'603,16');
Insert into HOSTALCLARITA.TIPO_CAMBIO_VALOR (ID_TIPO_CAMBIO_VALOR,ID_TIPO_CAMBIO,FECHA,VALOR_TIPO_CAMBIO) values ('482','1',to_date('27/04/18','DD/MM/RR'),'603,31');
Insert into HOSTALCLARITA.TIPO_CAMBIO_VALOR (ID_TIPO_CAMBIO_VALOR,ID_TIPO_CAMBIO,FECHA,VALOR_TIPO_CAMBIO) values ('483','1',to_date('28/04/18','DD/MM/RR'),'603,31');
Insert into HOSTALCLARITA.TIPO_CAMBIO_VALOR (ID_TIPO_CAMBIO_VALOR,ID_TIPO_CAMBIO,FECHA,VALOR_TIPO_CAMBIO) values ('484','1',to_date('29/04/18','DD/MM/RR'),'603,31');
Insert into HOSTALCLARITA.TIPO_CAMBIO_VALOR (ID_TIPO_CAMBIO_VALOR,ID_TIPO_CAMBIO,FECHA,VALOR_TIPO_CAMBIO) values ('485','1',to_date('30/04/18','DD/MM/RR'),'605,74');
Insert into HOSTALCLARITA.TIPO_CAMBIO_VALOR (ID_TIPO_CAMBIO_VALOR,ID_TIPO_CAMBIO,FECHA,VALOR_TIPO_CAMBIO) values ('486','1',to_date('01/05/18','DD/MM/RR'),'605,74');
Insert into HOSTALCLARITA.TIPO_CAMBIO_VALOR (ID_TIPO_CAMBIO_VALOR,ID_TIPO_CAMBIO,FECHA,VALOR_TIPO_CAMBIO) values ('487','1',to_date('02/05/18','DD/MM/RR'),'610,98');
Insert into HOSTALCLARITA.TIPO_CAMBIO_VALOR (ID_TIPO_CAMBIO_VALOR,ID_TIPO_CAMBIO,FECHA,VALOR_TIPO_CAMBIO) values ('488','1',to_date('03/05/18','DD/MM/RR'),'617,69');
Insert into HOSTALCLARITA.TIPO_CAMBIO_VALOR (ID_TIPO_CAMBIO_VALOR,ID_TIPO_CAMBIO,FECHA,VALOR_TIPO_CAMBIO) values ('489','1',to_date('04/05/18','DD/MM/RR'),'619,18');
Insert into HOSTALCLARITA.TIPO_CAMBIO_VALOR (ID_TIPO_CAMBIO_VALOR,ID_TIPO_CAMBIO,FECHA,VALOR_TIPO_CAMBIO) values ('490','1',to_date('05/05/18','DD/MM/RR'),'619,18');
Insert into HOSTALCLARITA.TIPO_CAMBIO_VALOR (ID_TIPO_CAMBIO_VALOR,ID_TIPO_CAMBIO,FECHA,VALOR_TIPO_CAMBIO) values ('491','1',to_date('06/05/18','DD/MM/RR'),'619,18');
Insert into HOSTALCLARITA.TIPO_CAMBIO_VALOR (ID_TIPO_CAMBIO_VALOR,ID_TIPO_CAMBIO,FECHA,VALOR_TIPO_CAMBIO) values ('492','1',to_date('07/05/18','DD/MM/RR'),'621,36');
Insert into HOSTALCLARITA.TIPO_CAMBIO_VALOR (ID_TIPO_CAMBIO_VALOR,ID_TIPO_CAMBIO,FECHA,VALOR_TIPO_CAMBIO) values ('493','1',to_date('08/05/18','DD/MM/RR'),'627,08');
Insert into HOSTALCLARITA.TIPO_CAMBIO_VALOR (ID_TIPO_CAMBIO_VALOR,ID_TIPO_CAMBIO,FECHA,VALOR_TIPO_CAMBIO) values ('494','1',to_date('09/05/18','DD/MM/RR'),'636');
Insert into HOSTALCLARITA.TIPO_CAMBIO_VALOR (ID_TIPO_CAMBIO_VALOR,ID_TIPO_CAMBIO,FECHA,VALOR_TIPO_CAMBIO) values ('495','1',to_date('10/05/18','DD/MM/RR'),'632,92');
Insert into HOSTALCLARITA.TIPO_CAMBIO_VALOR (ID_TIPO_CAMBIO_VALOR,ID_TIPO_CAMBIO,FECHA,VALOR_TIPO_CAMBIO) values ('496','1',to_date('11/05/18','DD/MM/RR'),'626,82');
Insert into HOSTALCLARITA.TIPO_CAMBIO_VALOR (ID_TIPO_CAMBIO_VALOR,ID_TIPO_CAMBIO,FECHA,VALOR_TIPO_CAMBIO) values ('497','1',to_date('12/05/18','DD/MM/RR'),'626,82');
Insert into HOSTALCLARITA.TIPO_CAMBIO_VALOR (ID_TIPO_CAMBIO_VALOR,ID_TIPO_CAMBIO,FECHA,VALOR_TIPO_CAMBIO) values ('498','1',to_date('13/05/18','DD/MM/RR'),'626,82');
Insert into HOSTALCLARITA.TIPO_CAMBIO_VALOR (ID_TIPO_CAMBIO_VALOR,ID_TIPO_CAMBIO,FECHA,VALOR_TIPO_CAMBIO) values ('499','1',to_date('14/05/18','DD/MM/RR'),'618,5');
Insert into HOSTALCLARITA.TIPO_CAMBIO_VALOR (ID_TIPO_CAMBIO_VALOR,ID_TIPO_CAMBIO,FECHA,VALOR_TIPO_CAMBIO) values ('500','1',to_date('15/05/18','DD/MM/RR'),'622,94');
Insert into HOSTALCLARITA.TIPO_CAMBIO_VALOR (ID_TIPO_CAMBIO_VALOR,ID_TIPO_CAMBIO,FECHA,VALOR_TIPO_CAMBIO) values ('501','1',to_date('16/05/18','DD/MM/RR'),'632,73');
Insert into HOSTALCLARITA.TIPO_CAMBIO_VALOR (ID_TIPO_CAMBIO_VALOR,ID_TIPO_CAMBIO,FECHA,VALOR_TIPO_CAMBIO) values ('502','1',to_date('17/05/18','DD/MM/RR'),'630,89');
Insert into HOSTALCLARITA.TIPO_CAMBIO_VALOR (ID_TIPO_CAMBIO_VALOR,ID_TIPO_CAMBIO,FECHA,VALOR_TIPO_CAMBIO) values ('503','1',to_date('18/05/18','DD/MM/RR'),'632,36');
Insert into HOSTALCLARITA.TIPO_CAMBIO_VALOR (ID_TIPO_CAMBIO_VALOR,ID_TIPO_CAMBIO,FECHA,VALOR_TIPO_CAMBIO) values ('504','1',to_date('19/05/18','DD/MM/RR'),'632,36');
Insert into HOSTALCLARITA.TIPO_CAMBIO_VALOR (ID_TIPO_CAMBIO_VALOR,ID_TIPO_CAMBIO,FECHA,VALOR_TIPO_CAMBIO) values ('505','1',to_date('20/05/18','DD/MM/RR'),'632,36');
Insert into HOSTALCLARITA.TIPO_CAMBIO_VALOR (ID_TIPO_CAMBIO_VALOR,ID_TIPO_CAMBIO,FECHA,VALOR_TIPO_CAMBIO) values ('506','1',to_date('21/05/18','DD/MM/RR'),'632,36');
Insert into HOSTALCLARITA.TIPO_CAMBIO_VALOR (ID_TIPO_CAMBIO_VALOR,ID_TIPO_CAMBIO,FECHA,VALOR_TIPO_CAMBIO) values ('507','1',to_date('22/05/18','DD/MM/RR'),'637,03');
Insert into HOSTALCLARITA.TIPO_CAMBIO_VALOR (ID_TIPO_CAMBIO_VALOR,ID_TIPO_CAMBIO,FECHA,VALOR_TIPO_CAMBIO) values ('508','1',to_date('23/05/18','DD/MM/RR'),'627,17');
Insert into HOSTALCLARITA.TIPO_CAMBIO_VALOR (ID_TIPO_CAMBIO_VALOR,ID_TIPO_CAMBIO,FECHA,VALOR_TIPO_CAMBIO) values ('509','1',to_date('24/05/18','DD/MM/RR'),'625,01');
REM INSERTING into HOSTALCLARITA.TIPO_HABITACION
SET DEFINE OFF;
Insert into HOSTALCLARITA.TIPO_HABITACION (ID_TIPO_HABITACION,DSC_TIPO_HABITACION,COD_TIPO_HABITACION) values ('1','VIP','V');
Insert into HOSTALCLARITA.TIPO_HABITACION (ID_TIPO_HABITACION,DSC_TIPO_HABITACION,COD_TIPO_HABITACION) values ('2','Normal','N');
Insert into HOSTALCLARITA.TIPO_HABITACION (ID_TIPO_HABITACION,DSC_TIPO_HABITACION,COD_TIPO_HABITACION) values ('3','Economica','E');
REM INSERTING into HOSTALCLARITA.TIPO_PRODUCTO
SET DEFINE OFF;
Insert into HOSTALCLARITA.TIPO_PRODUCTO (ID_TIPO_PRODUCTO,DSC_TIPO_PRODUCTO) values ('13','drugs');
Insert into HOSTALCLARITA.TIPO_PRODUCTO (ID_TIPO_PRODUCTO,DSC_TIPO_PRODUCTO) values ('12','casa');
Insert into HOSTALCLARITA.TIPO_PRODUCTO (ID_TIPO_PRODUCTO,DSC_TIPO_PRODUCTO) values ('10','Frutas');
Insert into HOSTALCLARITA.TIPO_PRODUCTO (ID_TIPO_PRODUCTO,DSC_TIPO_PRODUCTO) values ('4','Abarrotes');
Insert into HOSTALCLARITA.TIPO_PRODUCTO (ID_TIPO_PRODUCTO,DSC_TIPO_PRODUCTO) values ('2','Verduras');
Insert into HOSTALCLARITA.TIPO_PRODUCTO (ID_TIPO_PRODUCTO,DSC_TIPO_PRODUCTO) values ('3','Lacteos');
Insert into HOSTALCLARITA.TIPO_PRODUCTO (ID_TIPO_PRODUCTO,DSC_TIPO_PRODUCTO) values ('8','kaka');
Insert into HOSTALCLARITA.TIPO_PRODUCTO (ID_TIPO_PRODUCTO,DSC_TIPO_PRODUCTO) values ('1','BEBIDAS Y REFRESCOS');
Insert into HOSTALCLARITA.TIPO_PRODUCTO (ID_TIPO_PRODUCTO,DSC_TIPO_PRODUCTO) values ('9','KAKITA');
Insert into HOSTALCLARITA.TIPO_PRODUCTO (ID_TIPO_PRODUCTO,DSC_TIPO_PRODUCTO) values ('11','kakitili');
--------------------------------------------------------
--  DDL for Index HABITACION_PK
--------------------------------------------------------

  CREATE UNIQUE INDEX "HOSTALCLARITA"."HABITACION_PK" ON "HOSTALCLARITA"."HABITACION" ("ID_HABITACION") 
  PCTFREE 10 INITRANS 2 MAXTRANS 255 COMPUTE STATISTICS 
  STORAGE(INITIAL 65536 NEXT 1048576 MINEXTENTS 1 MAXEXTENTS 2147483645
  PCTINCREASE 0 FREELISTS 1 FREELIST GROUPS 1 BUFFER_POOL DEFAULT FLASH_CACHE DEFAULT CELL_FLASH_CACHE DEFAULT)
  TABLESPACE "USERS" ;
--------------------------------------------------------
--  DDL for Index RESERVA_DETALLE_PK
--------------------------------------------------------

  CREATE UNIQUE INDEX "HOSTALCLARITA"."RESERVA_DETALLE_PK" ON "HOSTALCLARITA"."RESERVA_DETALLE" ("ID_RESERVA_DETALLE") 
  PCTFREE 10 INITRANS 2 MAXTRANS 255 COMPUTE STATISTICS 
  STORAGE(INITIAL 65536 NEXT 1048576 MINEXTENTS 1 MAXEXTENTS 2147483645
  PCTINCREASE 0 FREELISTS 1 FREELIST GROUPS 1 BUFFER_POOL DEFAULT FLASH_CACHE DEFAULT CELL_FLASH_CACHE DEFAULT)
  TABLESPACE "USERS" ;
--------------------------------------------------------
--  DDL for Index TIPO_PRODUCTO_PK
--------------------------------------------------------

  CREATE UNIQUE INDEX "HOSTALCLARITA"."TIPO_PRODUCTO_PK" ON "HOSTALCLARITA"."TIPO_PRODUCTO" ("ID_TIPO_PRODUCTO") 
  PCTFREE 10 INITRANS 2 MAXTRANS 255 COMPUTE STATISTICS 
  STORAGE(INITIAL 65536 NEXT 1048576 MINEXTENTS 1 MAXEXTENTS 2147483645
  PCTINCREASE 0 FREELISTS 1 FREELIST GROUPS 1 BUFFER_POOL DEFAULT FLASH_CACHE DEFAULT CELL_FLASH_CACHE DEFAULT)
  TABLESPACE "USERS" ;
--------------------------------------------------------
--  DDL for Index RUBRO_PK
--------------------------------------------------------

  CREATE UNIQUE INDEX "HOSTALCLARITA"."RUBRO_PK" ON "HOSTALCLARITA"."RUBRO" ("ID_RUBRO") 
  PCTFREE 10 INITRANS 2 MAXTRANS 255 COMPUTE STATISTICS 
  STORAGE(INITIAL 65536 NEXT 1048576 MINEXTENTS 1 MAXEXTENTS 2147483645
  PCTINCREASE 0 FREELISTS 1 FREELIST GROUPS 1 BUFFER_POOL DEFAULT FLASH_CACHE DEFAULT CELL_FLASH_CACHE DEFAULT)
  TABLESPACE "USERS" ;
--------------------------------------------------------
--  DDL for Index STATUS_HABITACION_PK
--------------------------------------------------------

  CREATE UNIQUE INDEX "HOSTALCLARITA"."STATUS_HABITACION_PK" ON "HOSTALCLARITA"."STATUS_HABITACION" ("ID_STATUS_HABITACION") 
  PCTFREE 10 INITRANS 2 MAXTRANS 255 COMPUTE STATISTICS 
  STORAGE(INITIAL 65536 NEXT 1048576 MINEXTENTS 1 MAXEXTENTS 2147483645
  PCTINCREASE 0 FREELISTS 1 FREELIST GROUPS 1 BUFFER_POOL DEFAULT FLASH_CACHE DEFAULT CELL_FLASH_CACHE DEFAULT)
  TABLESPACE "USERS" ;
--------------------------------------------------------
--  DDL for Index PRODUCTO_PK
--------------------------------------------------------

  CREATE UNIQUE INDEX "HOSTALCLARITA"."PRODUCTO_PK" ON "HOSTALCLARITA"."PRODUCTO" ("ID_PRODUCTO") 
  PCTFREE 10 INITRANS 2 MAXTRANS 255 COMPUTE STATISTICS 
  STORAGE(INITIAL 65536 NEXT 1048576 MINEXTENTS 1 MAXEXTENTS 2147483645
  PCTINCREASE 0 FREELISTS 1 FREELIST GROUPS 1 BUFFER_POOL DEFAULT FLASH_CACHE DEFAULT CELL_FLASH_CACHE DEFAULT)
  TABLESPACE "USERS" ;
--------------------------------------------------------
--  DDL for Index EMPLEADO_PK
--------------------------------------------------------

  CREATE UNIQUE INDEX "HOSTALCLARITA"."EMPLEADO_PK" ON "HOSTALCLARITA"."EMPLEADO" ("ID_EMPLEADO") 
  PCTFREE 10 INITRANS 2 MAXTRANS 255 COMPUTE STATISTICS 
  STORAGE(INITIAL 65536 NEXT 1048576 MINEXTENTS 1 MAXEXTENTS 2147483645
  PCTINCREASE 0 FREELISTS 1 FREELIST GROUPS 1 BUFFER_POOL DEFAULT FLASH_CACHE DEFAULT CELL_FLASH_CACHE DEFAULT)
  TABLESPACE "USERS" ;
--------------------------------------------------------
--  DDL for Index MINUTA_PK
--------------------------------------------------------

  CREATE UNIQUE INDEX "HOSTALCLARITA"."MINUTA_PK" ON "HOSTALCLARITA"."MINUTA" ("ID_PLATO", "ID_SERVICIO_COMEDOR", "ID_DIA_SEMANA") 
  PCTFREE 10 INITRANS 2 MAXTRANS 255 COMPUTE STATISTICS 
  STORAGE(INITIAL 65536 NEXT 1048576 MINEXTENTS 1 MAXEXTENTS 2147483645
  PCTINCREASE 0 FREELISTS 1 FREELIST GROUPS 1 BUFFER_POOL DEFAULT FLASH_CACHE DEFAULT CELL_FLASH_CACHE DEFAULT)
  TABLESPACE "USERS" ;
--------------------------------------------------------
--  DDL for Index RESERVA_PK
--------------------------------------------------------

  CREATE UNIQUE INDEX "HOSTALCLARITA"."RESERVA_PK" ON "HOSTALCLARITA"."RESERVA" ("ID_RESERVA") 
  PCTFREE 10 INITRANS 2 MAXTRANS 255 COMPUTE STATISTICS 
  STORAGE(INITIAL 65536 NEXT 1048576 MINEXTENTS 1 MAXEXTENTS 2147483645
  PCTINCREASE 0 FREELISTS 1 FREELIST GROUPS 1 BUFFER_POOL DEFAULT FLASH_CACHE DEFAULT CELL_FLASH_CACHE DEFAULT)
  TABLESPACE "USERS" ;
--------------------------------------------------------
--  DDL for Index PROVEEDOR_PK
--------------------------------------------------------

  CREATE UNIQUE INDEX "HOSTALCLARITA"."PROVEEDOR_PK" ON "HOSTALCLARITA"."PROVEEDOR" ("ID_PROVEEDOR") 
  PCTFREE 10 INITRANS 2 MAXTRANS 255 COMPUTE STATISTICS 
  STORAGE(INITIAL 65536 NEXT 1048576 MINEXTENTS 1 MAXEXTENTS 2147483645
  PCTINCREASE 0 FREELISTS 1 FREELIST GROUPS 1 BUFFER_POOL DEFAULT FLASH_CACHE DEFAULT CELL_FLASH_CACHE DEFAULT)
  TABLESPACE "USERS" ;
--------------------------------------------------------
--  DDL for Index DIA_SEMANA_PK
--------------------------------------------------------

  CREATE UNIQUE INDEX "HOSTALCLARITA"."DIA_SEMANA_PK" ON "HOSTALCLARITA"."DIA_SEMANA" ("ID_DIA_SEMANA") 
  PCTFREE 10 INITRANS 2 MAXTRANS 255 COMPUTE STATISTICS 
  STORAGE(INITIAL 65536 NEXT 1048576 MINEXTENTS 1 MAXEXTENTS 2147483645
  PCTINCREASE 0 FREELISTS 1 FREELIST GROUPS 1 BUFFER_POOL DEFAULT FLASH_CACHE DEFAULT CELL_FLASH_CACHE DEFAULT)
  TABLESPACE "USERS" ;
--------------------------------------------------------
--  DDL for Index EMPRESA_PK
--------------------------------------------------------

  CREATE UNIQUE INDEX "HOSTALCLARITA"."EMPRESA_PK" ON "HOSTALCLARITA"."EMPRESA" ("ID_EMPRESA") 
  PCTFREE 10 INITRANS 2 MAXTRANS 255 COMPUTE STATISTICS 
  STORAGE(INITIAL 65536 NEXT 1048576 MINEXTENTS 1 MAXEXTENTS 2147483645
  PCTINCREASE 0 FREELISTS 1 FREELIST GROUPS 1 BUFFER_POOL DEFAULT FLASH_CACHE DEFAULT CELL_FLASH_CACHE DEFAULT)
  TABLESPACE "USERS" ;
--------------------------------------------------------
--  DDL for Index PLATO_PK
--------------------------------------------------------

  CREATE UNIQUE INDEX "HOSTALCLARITA"."PLATO_PK" ON "HOSTALCLARITA"."PLATO" ("ID_PLATO") 
  PCTFREE 10 INITRANS 2 MAXTRANS 255 COMPUTE STATISTICS 
  STORAGE(INITIAL 65536 NEXT 1048576 MINEXTENTS 1 MAXEXTENTS 2147483645
  PCTINCREASE 0 FREELISTS 1 FREELIST GROUPS 1 BUFFER_POOL DEFAULT FLASH_CACHE DEFAULT CELL_FLASH_CACHE DEFAULT)
  TABLESPACE "USERS" ;
--------------------------------------------------------
--  DDL for Index TIPO_CAMBIO_PK
--------------------------------------------------------

  CREATE UNIQUE INDEX "HOSTALCLARITA"."TIPO_CAMBIO_PK" ON "HOSTALCLARITA"."TIPO_CAMBIO" ("ID_TIPO_CAMBIO") 
  PCTFREE 10 INITRANS 2 MAXTRANS 255 COMPUTE STATISTICS 
  STORAGE(INITIAL 65536 NEXT 1048576 MINEXTENTS 1 MAXEXTENTS 2147483645
  PCTINCREASE 0 FREELISTS 1 FREELIST GROUPS 1 BUFFER_POOL DEFAULT FLASH_CACHE DEFAULT CELL_FLASH_CACHE DEFAULT)
  TABLESPACE "USERS" ;
--------------------------------------------------------
--  DDL for Index ORDEN_PEDIDO_PK
--------------------------------------------------------

  CREATE UNIQUE INDEX "HOSTALCLARITA"."ORDEN_PEDIDO_PK" ON "HOSTALCLARITA"."ORDEN_PEDIDO" ("ID_ORDEN_PEDIDO") 
  PCTFREE 10 INITRANS 2 MAXTRANS 255 COMPUTE STATISTICS 
  STORAGE(INITIAL 65536 NEXT 1048576 MINEXTENTS 1 MAXEXTENTS 2147483645
  PCTINCREASE 0 FREELISTS 1 FREELIST GROUPS 1 BUFFER_POOL DEFAULT FLASH_CACHE DEFAULT CELL_FLASH_CACHE DEFAULT)
  TABLESPACE "USERS" ;
--------------------------------------------------------
--  DDL for Index TIPO_CAMBIO_VALOR_PK
--------------------------------------------------------

  CREATE UNIQUE INDEX "HOSTALCLARITA"."TIPO_CAMBIO_VALOR_PK" ON "HOSTALCLARITA"."TIPO_CAMBIO_VALOR" ("ID_TIPO_CAMBIO_VALOR") 
  PCTFREE 10 INITRANS 2 MAXTRANS 255 COMPUTE STATISTICS 
  STORAGE(INITIAL 65536 NEXT 1048576 MINEXTENTS 1 MAXEXTENTS 2147483645
  PCTINCREASE 0 FREELISTS 1 FREELIST GROUPS 1 BUFFER_POOL DEFAULT FLASH_CACHE DEFAULT CELL_FLASH_CACHE DEFAULT)
  TABLESPACE "USERS" ;
--------------------------------------------------------
--  DDL for Index SERVICIO_COMEDOR_PK
--------------------------------------------------------

  CREATE UNIQUE INDEX "HOSTALCLARITA"."SERVICIO_COMEDOR_PK" ON "HOSTALCLARITA"."SERVICIO_COMEDOR" ("ID_SERVICIO_COMEDOR") 
  PCTFREE 10 INITRANS 2 MAXTRANS 255 COMPUTE STATISTICS 
  STORAGE(INITIAL 65536 NEXT 1048576 MINEXTENTS 1 MAXEXTENTS 2147483645
  PCTINCREASE 0 FREELISTS 1 FREELIST GROUPS 1 BUFFER_POOL DEFAULT FLASH_CACHE DEFAULT CELL_FLASH_CACHE DEFAULT)
  TABLESPACE "USERS" ;
--------------------------------------------------------
--  DDL for Index MONEDA_PK
--------------------------------------------------------

  CREATE UNIQUE INDEX "HOSTALCLARITA"."MONEDA_PK" ON "HOSTALCLARITA"."MONEDA" ("ID_MONEDA") 
  PCTFREE 10 INITRANS 2 MAXTRANS 255 COMPUTE STATISTICS 
  STORAGE(INITIAL 65536 NEXT 1048576 MINEXTENTS 1 MAXEXTENTS 2147483645
  PCTINCREASE 0 FREELISTS 1 FREELIST GROUPS 1 BUFFER_POOL DEFAULT FLASH_CACHE DEFAULT CELL_FLASH_CACHE DEFAULT)
  TABLESPACE "USERS" ;
--------------------------------------------------------
--  DDL for Index ORDEN_PEDIDO_DET_PK
--------------------------------------------------------

  CREATE UNIQUE INDEX "HOSTALCLARITA"."ORDEN_PEDIDO_DET_PK" ON "HOSTALCLARITA"."ORDEN_PEDIDO_DET" ("ID_ORDEN_PEDIDO_DET") 
  PCTFREE 10 INITRANS 2 MAXTRANS 255 COMPUTE STATISTICS 
  STORAGE(INITIAL 65536 NEXT 1048576 MINEXTENTS 1 MAXEXTENTS 2147483645
  PCTINCREASE 0 FREELISTS 1 FREELIST GROUPS 1 BUFFER_POOL DEFAULT FLASH_CACHE DEFAULT CELL_FLASH_CACHE DEFAULT)
  TABLESPACE "USERS" ;
--------------------------------------------------------
--  DDL for Index HUESPED_ID
--------------------------------------------------------

  CREATE UNIQUE INDEX "HOSTALCLARITA"."HUESPED_ID" ON "HOSTALCLARITA"."HUESPED" ("ID_HUESPED") 
  PCTFREE 10 INITRANS 2 MAXTRANS 255 COMPUTE STATISTICS 
  STORAGE(INITIAL 65536 NEXT 1048576 MINEXTENTS 1 MAXEXTENTS 2147483645
  PCTINCREASE 0 FREELISTS 1 FREELIST GROUPS 1 BUFFER_POOL DEFAULT FLASH_CACHE DEFAULT CELL_FLASH_CACHE DEFAULT)
  TABLESPACE "USERS" ;
--------------------------------------------------------
--  DDL for Index TIPO_HABITACION_PK
--------------------------------------------------------

  CREATE UNIQUE INDEX "HOSTALCLARITA"."TIPO_HABITACION_PK" ON "HOSTALCLARITA"."TIPO_HABITACION" ("ID_TIPO_HABITACION") 
  PCTFREE 10 INITRANS 2 MAXTRANS 255 COMPUTE STATISTICS 
  STORAGE(INITIAL 65536 NEXT 1048576 MINEXTENTS 1 MAXEXTENTS 2147483645
  PCTINCREASE 0 FREELISTS 1 FREELIST GROUPS 1 BUFFER_POOL DEFAULT FLASH_CACHE DEFAULT CELL_FLASH_CACHE DEFAULT)
  TABLESPACE "USERS" ;
--------------------------------------------------------
--  DDL for Index ROL_USUARIO_PK
--------------------------------------------------------

  CREATE UNIQUE INDEX "HOSTALCLARITA"."ROL_USUARIO_PK" ON "HOSTALCLARITA"."ROL_USUARIO" ("ID_ROL_USUARIO") 
  PCTFREE 10 INITRANS 2 MAXTRANS 255 COMPUTE STATISTICS 
  STORAGE(INITIAL 65536 NEXT 1048576 MINEXTENTS 1 MAXEXTENTS 2147483645
  PCTINCREASE 0 FREELISTS 1 FREELIST GROUPS 1 BUFFER_POOL DEFAULT FLASH_CACHE DEFAULT CELL_FLASH_CACHE DEFAULT)
  TABLESPACE "USERS" ;
--------------------------------------------------------
--  DDL for Trigger TRG_DIA_SEMANAID
--------------------------------------------------------

  CREATE OR REPLACE TRIGGER "HOSTALCLARITA"."TRG_DIA_SEMANAID" BEFORE
    INSERT ON DIA_SEMANA
    FOR EACH ROW
     WHEN ( new.ID_DIA_SEMANA IS NULL ) BEGIN
    :new.ID_DIA_SEMANA := SEC_DIA_SEMANA.nextval;
END;
/
ALTER TRIGGER "HOSTALCLARITA"."TRG_DIA_SEMANAID" ENABLE;
--------------------------------------------------------
--  DDL for Trigger TRG_EMPLEADOID
--------------------------------------------------------

  CREATE OR REPLACE TRIGGER "HOSTALCLARITA"."TRG_EMPLEADOID" BEFORE
    INSERT ON EMPLEADO
    FOR EACH ROW
     WHEN ( new.ID_EMPLEADO IS NULL ) BEGIN
    :new.ID_EMPLEADO := SEC_EMPLEADO.nextval;
END;
/
ALTER TRIGGER "HOSTALCLARITA"."TRG_EMPLEADOID" ENABLE;
--------------------------------------------------------
--  DDL for Trigger TRG_EMPRESAID
--------------------------------------------------------

  CREATE OR REPLACE TRIGGER "HOSTALCLARITA"."TRG_EMPRESAID" BEFORE
    INSERT ON EMPRESA
    FOR EACH ROW
     WHEN ( new.ID_EMPRESA IS NULL ) BEGIN
    :new.ID_EMPRESA := SEC_EMPRESA.nextval;
END;
/
ALTER TRIGGER "HOSTALCLARITA"."TRG_EMPRESAID" ENABLE;
--------------------------------------------------------
--  DDL for Trigger TRG_HABITACIONID
--------------------------------------------------------

  CREATE OR REPLACE TRIGGER "HOSTALCLARITA"."TRG_HABITACIONID" BEFORE
    INSERT ON HABITACION
    FOR EACH ROW
     WHEN ( new.ID_HABITACION IS NULL ) BEGIN
    :new.ID_HABITACION := SEC_HABITACION.nextval;
END;
/
ALTER TRIGGER "HOSTALCLARITA"."TRG_HABITACIONID" ENABLE;
--------------------------------------------------------
--  DDL for Trigger TRG_HUESPEDID
--------------------------------------------------------

  CREATE OR REPLACE TRIGGER "HOSTALCLARITA"."TRG_HUESPEDID" BEFORE
    INSERT ON HUESPED
    FOR EACH ROW
     WHEN ( new.ID_HUESPED IS NULL ) BEGIN
    :new.ID_HUESPED := SEC_HUESPED.nextval;
END;
/
ALTER TRIGGER "HOSTALCLARITA"."TRG_HUESPEDID" ENABLE;
--------------------------------------------------------
--  DDL for Trigger TRG_MONEDAID
--------------------------------------------------------

  CREATE OR REPLACE TRIGGER "HOSTALCLARITA"."TRG_MONEDAID" BEFORE
    INSERT ON MONEDA
    FOR EACH ROW
     WHEN ( new.ID_MONEDA IS NULL ) BEGIN
    :new.ID_MONEDA := SEC_MONEDA.nextval;
END;
/
ALTER TRIGGER "HOSTALCLARITA"."TRG_MONEDAID" ENABLE;
--------------------------------------------------------
--  DDL for Trigger TRG_ORDEN_PEDIDO_DETID
--------------------------------------------------------

  CREATE OR REPLACE TRIGGER "HOSTALCLARITA"."TRG_ORDEN_PEDIDO_DETID" BEFORE
    INSERT ON ORDEN_PEDIDO_DET
    FOR EACH ROW
     WHEN ( new.ID_ORDEN_PEDIDO_DET IS NULL ) BEGIN
    :new.ID_ORDEN_PEDIDO_DET := SEC_ORDEN_PEDIDO_DET.nextval;
END;
/
ALTER TRIGGER "HOSTALCLARITA"."TRG_ORDEN_PEDIDO_DETID" ENABLE;
--------------------------------------------------------
--  DDL for Trigger TRG_ORDEN_PEDIDOID
--------------------------------------------------------

  CREATE OR REPLACE TRIGGER "HOSTALCLARITA"."TRG_ORDEN_PEDIDOID" BEFORE
    INSERT ON ORDEN_PEDIDO
    FOR EACH ROW
     WHEN ( new.ID_ORDEN_PEDIDO IS NULL ) BEGIN
    :new.ID_ORDEN_PEDIDO := SEC_ORDEN_PEDIDO.nextval;
END;
/
ALTER TRIGGER "HOSTALCLARITA"."TRG_ORDEN_PEDIDOID" ENABLE;
--------------------------------------------------------
--  DDL for Trigger TRG_PLATOID
--------------------------------------------------------

  CREATE OR REPLACE TRIGGER "HOSTALCLARITA"."TRG_PLATOID" BEFORE
    INSERT ON PLATO
    FOR EACH ROW
     WHEN ( new.ID_PLATO IS NULL ) BEGIN
    :new.ID_PLATO := SEC_PLATO.nextval;
END;
/
ALTER TRIGGER "HOSTALCLARITA"."TRG_PLATOID" ENABLE;
--------------------------------------------------------
--  DDL for Trigger TRG_PRODUCTOID
--------------------------------------------------------

  CREATE OR REPLACE TRIGGER "HOSTALCLARITA"."TRG_PRODUCTOID" BEFORE
    INSERT ON PRODUCTO
    FOR EACH ROW
     WHEN ( new.ID_PRODUCTO IS NULL ) BEGIN
    :new.ID_PRODUCTO := SEC_PRODUCTO.nextval;
END;
/
ALTER TRIGGER "HOSTALCLARITA"."TRG_PRODUCTOID" ENABLE;
--------------------------------------------------------
--  DDL for Trigger TRG_PROVEEDORID
--------------------------------------------------------

  CREATE OR REPLACE TRIGGER "HOSTALCLARITA"."TRG_PROVEEDORID" BEFORE
    INSERT ON PROVEEDOR
    FOR EACH ROW
     WHEN ( new.ID_PROVEEDOR IS NULL ) BEGIN
    :new.ID_PROVEEDOR := SEC_PROVEEDOR.nextval;
END;
/
ALTER TRIGGER "HOSTALCLARITA"."TRG_PROVEEDORID" ENABLE;
--------------------------------------------------------
--  DDL for Trigger TRG_RESERVA_DETALLEID
--------------------------------------------------------

  CREATE OR REPLACE TRIGGER "HOSTALCLARITA"."TRG_RESERVA_DETALLEID" BEFORE
    INSERT ON RESERVA_DETALLE
    FOR EACH ROW
     WHEN ( new.ID_RESERVA_DETALLE IS NULL ) BEGIN
    :new.ID_RESERVA_DETALLE := SEC_RESERVA_DETALLE.nextval;
END;
/
ALTER TRIGGER "HOSTALCLARITA"."TRG_RESERVA_DETALLEID" ENABLE;
--------------------------------------------------------
--  DDL for Trigger TRG_RESERVAID
--------------------------------------------------------

  CREATE OR REPLACE TRIGGER "HOSTALCLARITA"."TRG_RESERVAID" BEFORE
    INSERT ON RESERVA
    FOR EACH ROW
     WHEN ( new.ID_RESERVA IS NULL ) BEGIN
    :new.ID_RESERVA := SEC_RESERVA.nextval;
END;
/
ALTER TRIGGER "HOSTALCLARITA"."TRG_RESERVAID" ENABLE;
--------------------------------------------------------
--  DDL for Trigger TRG_ROL_USUARIOID
--------------------------------------------------------

  CREATE OR REPLACE TRIGGER "HOSTALCLARITA"."TRG_ROL_USUARIOID" BEFORE
    INSERT ON ROL_USUARIO
    FOR EACH ROW
     WHEN ( new.ID_ROL_USUARIO IS NULL ) BEGIN
    :new.ID_ROL_USUARIO := SEC_ROL_USUARIO.nextval;
END;
/
ALTER TRIGGER "HOSTALCLARITA"."TRG_ROL_USUARIOID" ENABLE;
--------------------------------------------------------
--  DDL for Trigger TRG_RUBROID
--------------------------------------------------------

  CREATE OR REPLACE TRIGGER "HOSTALCLARITA"."TRG_RUBROID" BEFORE
    INSERT ON RUBRO
    FOR EACH ROW
     WHEN ( new.ID_RUBRO IS NULL ) BEGIN
    :new.ID_RUBRO := SEC_RUBRO.nextval;
END;
/
ALTER TRIGGER "HOSTALCLARITA"."TRG_RUBROID" ENABLE;
--------------------------------------------------------
--  DDL for Trigger TRG_SERVICIO_COMEDORID
--------------------------------------------------------

  CREATE OR REPLACE TRIGGER "HOSTALCLARITA"."TRG_SERVICIO_COMEDORID" BEFORE
    INSERT ON SERVICIO_COMEDOR
    FOR EACH ROW
     WHEN ( new.ID_SERVICIO_COMEDOR IS NULL ) BEGIN
    :new.ID_SERVICIO_COMEDOR := SEC_SERVICIO_COMEDOR.nextval;
END;
/
ALTER TRIGGER "HOSTALCLARITA"."TRG_SERVICIO_COMEDORID" ENABLE;
--------------------------------------------------------
--  DDL for Trigger TRG_STATUS_HABITACIONID
--------------------------------------------------------

  CREATE OR REPLACE TRIGGER "HOSTALCLARITA"."TRG_STATUS_HABITACIONID" BEFORE
    INSERT ON STATUS_HABITACION
    FOR EACH ROW
     WHEN ( new.ID_STATUS_HABITACION IS NULL ) BEGIN
    :new.ID_STATUS_HABITACION := SEC_STATUS_HABITACION.nextval;
END;
/
ALTER TRIGGER "HOSTALCLARITA"."TRG_STATUS_HABITACIONID" ENABLE;
--------------------------------------------------------
--  DDL for Trigger TRG_TIPO_CAMBIOID
--------------------------------------------------------

  CREATE OR REPLACE TRIGGER "HOSTALCLARITA"."TRG_TIPO_CAMBIOID" BEFORE
    INSERT ON TIPO_CAMBIO
    FOR EACH ROW
     WHEN ( new.ID_TIPO_CAMBIO IS NULL ) BEGIN
    :new.ID_TIPO_CAMBIO := SEC_TIPO_CAMBIO.nextval;
END;
/
ALTER TRIGGER "HOSTALCLARITA"."TRG_TIPO_CAMBIOID" ENABLE;
--------------------------------------------------------
--  DDL for Trigger TRG_TIPO_CAMBIO_VALORID
--------------------------------------------------------

  CREATE OR REPLACE TRIGGER "HOSTALCLARITA"."TRG_TIPO_CAMBIO_VALORID" BEFORE
    INSERT ON TIPO_CAMBIO_VALOR
    FOR EACH ROW
     WHEN ( new.ID_TIPO_CAMBIO_VALOR IS NULL ) BEGIN
    :new.ID_TIPO_CAMBIO_VALOR := SEC_TIPO_CAMBIO_VALOR.nextval;
END;
/
ALTER TRIGGER "HOSTALCLARITA"."TRG_TIPO_CAMBIO_VALORID" ENABLE;
--------------------------------------------------------
--  DDL for Trigger TRG_TIPO_HABITACIONID
--------------------------------------------------------

  CREATE OR REPLACE TRIGGER "HOSTALCLARITA"."TRG_TIPO_HABITACIONID" BEFORE
    INSERT ON TIPO_HABITACION
    FOR EACH ROW
     WHEN ( new.ID_TIPO_HABITACION IS NULL ) BEGIN
    :new.ID_TIPO_HABITACION := SEC_TIPO_HABITACION.nextval;
END;
/
ALTER TRIGGER "HOSTALCLARITA"."TRG_TIPO_HABITACIONID" ENABLE;
--------------------------------------------------------
--  DDL for Trigger TRG_TIPO_PRODUCTOID
--------------------------------------------------------

  CREATE OR REPLACE TRIGGER "HOSTALCLARITA"."TRG_TIPO_PRODUCTOID" BEFORE
    INSERT ON TIPO_PRODUCTO
    FOR EACH ROW
     WHEN ( new.ID_TIPO_PRODUCTO IS NULL ) BEGIN
    :new.ID_TIPO_PRODUCTO := SEC_TIPO_PRODUCTO.nextval;
END;
/
ALTER TRIGGER "HOSTALCLARITA"."TRG_TIPO_PRODUCTOID" ENABLE;
--------------------------------------------------------
--  DDL for Package EJEMPLO_PKG
--------------------------------------------------------

  CREATE OR REPLACE PACKAGE "HOSTALCLARITA"."EJEMPLO_PKG" IS
PROCEDURE EJEMPLO_CONSULTA (
  RUT_BUSCAR  IN PROVEEDOR.RUT_PROVEEDOR%TYPE,
  ROW_SALIDA  OUT SYS_REFCURSOR);
END EJEMPLO_PKG;

/
--------------------------------------------------------
--  DDL for Package Body EJEMPLO_PKG
--------------------------------------------------------

  CREATE OR REPLACE PACKAGE BODY "HOSTALCLARITA"."EJEMPLO_PKG" IS
  PROCEDURE EJEMPLO_CONSULTA (
    RUT_BUSCAR  IN PROVEEDOR.RUT_PROVEEDOR%TYPE,
    ROW_SALIDA  OUT SYS_REFCURSOR) AS
    TABLA_SALIDA TBL_CONSULTA1 := TBL_CONSULTA1();
  BEGIN
    FOR fila IN (SELECT PROD.DSC_PRODUCTO, PROD.FECHA_VENCIMIENTO, PROV.NOMBRE_PROVEEDOR, PROV.RUT_PROVEEDOR, TIPR.DSC_TIPO_PRODUCTO FROM PRODUCTO PROD
                  INNER JOIN PROVEEDOR PROV ON PROV.ID_PROVEEDOR = PROD.ID_PROVEEDOR
                  INNER JOIN TIPO_PRODUCTO TIPR ON TIPR.ID_TIPO_PRODUCTO = PROD.ID_TIPO_PRODUCTO
                  WHERE PROV.RUT_PROVEEDOR = RUT_BUSCAR) LOOP
      TABLA_SALIDA.EXTEND;
      TABLA_SALIDA(TABLA_SALIDA.LAST) := CONSULTA_1(fila.DSC_PRODUCTO, fila.FECHA_VENCIMIENTO, fila.NOMBRE_PROVEEDOR, fila.RUT_PROVEEDOR, fila.DSC_TIPO_PRODUCTO);
    END LOOP;
    
    OPEN ROW_SALIDA FOR
      SELECT  DSC_PRODUCTO,
              FECHA_VENCIMIENTO,
              NOMBRE_PROVEEDOR, 
              RUT_PROVEEDOR,
              DSC_TIPO_PRODUCTO
      FROM TABLE(CAST(TABLA_SALIDA AS TBL_CONSULTA1));
  END;
END EJEMPLO_PKG;

/
--------------------------------------------------------
--  DDL for Function VALIDA_RUT
--------------------------------------------------------

  CREATE OR REPLACE FUNCTION "HOSTALCLARITA"."VALIDA_RUT" ( p_rut in number,
                      p_dv  in varchar2)
RETURN boolean IS
  v_rut varchar2(9);
  v_dv1 varchar2(1);  
  v_dv2 varchar2(1);
BEGIN  
  v_rut := lpad(p_rut,9,'0');
  v_dv1 := p_dv; 
  v_dv2 := substr('123456789K0',11-mod(to_number(substr(v_rut,1,1))*4 + to_number(substr(v_rut,2,1))*3 + to_number(substr(v_rut,3,1))*2 + to_number(substr(v_rut,4,1))*7 + to_number(substr(v_rut,5,1))*6 + to_number(substr(v_rut,6,1))*5 + to_number(substr(v_rut,7,1))*4 + to_number(substr(v_rut,8,1))*3 + to_number(substr(v_rut,9,1))*2,11),1); 
  if v_dv1 = v_dv2 then
    return(TRUE);
  else
    return(FALSE);
  end if; 
  exception when others then
    return(FALSE);
END;

/
--------------------------------------------------------
--  Constraints for Table SERVICIO_COMEDOR
--------------------------------------------------------

  ALTER TABLE "HOSTALCLARITA"."SERVICIO_COMEDOR" ADD CONSTRAINT "SERVICIO_COMEDOR_PK" PRIMARY KEY ("ID_SERVICIO_COMEDOR")
  USING INDEX PCTFREE 10 INITRANS 2 MAXTRANS 255 COMPUTE STATISTICS 
  STORAGE(INITIAL 65536 NEXT 1048576 MINEXTENTS 1 MAXEXTENTS 2147483645
  PCTINCREASE 0 FREELISTS 1 FREELIST GROUPS 1 BUFFER_POOL DEFAULT FLASH_CACHE DEFAULT CELL_FLASH_CACHE DEFAULT)
  TABLESPACE "USERS"  ENABLE;
  ALTER TABLE "HOSTALCLARITA"."SERVICIO_COMEDOR" MODIFY ("ID_SERVICIO_COMEDOR" NOT NULL ENABLE);
--------------------------------------------------------
--  Constraints for Table EMPLEADO
--------------------------------------------------------

  ALTER TABLE "HOSTALCLARITA"."EMPLEADO" ADD CONSTRAINT "EMPLEADO_PK" PRIMARY KEY ("ID_EMPLEADO")
  USING INDEX PCTFREE 10 INITRANS 2 MAXTRANS 255 COMPUTE STATISTICS 
  STORAGE(INITIAL 65536 NEXT 1048576 MINEXTENTS 1 MAXEXTENTS 2147483645
  PCTINCREASE 0 FREELISTS 1 FREELIST GROUPS 1 BUFFER_POOL DEFAULT FLASH_CACHE DEFAULT CELL_FLASH_CACHE DEFAULT)
  TABLESPACE "USERS"  ENABLE;
  ALTER TABLE "HOSTALCLARITA"."EMPLEADO" MODIFY ("ID_EMPLEADO" NOT NULL ENABLE);
--------------------------------------------------------
--  Constraints for Table DIA_SEMANA
--------------------------------------------------------

  ALTER TABLE "HOSTALCLARITA"."DIA_SEMANA" ADD CONSTRAINT "DIA_SEMANA_PK" PRIMARY KEY ("ID_DIA_SEMANA")
  USING INDEX PCTFREE 10 INITRANS 2 MAXTRANS 255 COMPUTE STATISTICS 
  STORAGE(INITIAL 65536 NEXT 1048576 MINEXTENTS 1 MAXEXTENTS 2147483645
  PCTINCREASE 0 FREELISTS 1 FREELIST GROUPS 1 BUFFER_POOL DEFAULT FLASH_CACHE DEFAULT CELL_FLASH_CACHE DEFAULT)
  TABLESPACE "USERS"  ENABLE;
  ALTER TABLE "HOSTALCLARITA"."DIA_SEMANA" MODIFY ("ID_DIA_SEMANA" NOT NULL ENABLE);
--------------------------------------------------------
--  Constraints for Table ROL_USUARIO
--------------------------------------------------------

  ALTER TABLE "HOSTALCLARITA"."ROL_USUARIO" ADD CONSTRAINT "ROL_USUARIO_PK" PRIMARY KEY ("ID_ROL_USUARIO")
  USING INDEX PCTFREE 10 INITRANS 2 MAXTRANS 255 COMPUTE STATISTICS 
  STORAGE(INITIAL 65536 NEXT 1048576 MINEXTENTS 1 MAXEXTENTS 2147483645
  PCTINCREASE 0 FREELISTS 1 FREELIST GROUPS 1 BUFFER_POOL DEFAULT FLASH_CACHE DEFAULT CELL_FLASH_CACHE DEFAULT)
  TABLESPACE "USERS"  ENABLE;
  ALTER TABLE "HOSTALCLARITA"."ROL_USUARIO" MODIFY ("ID_ROL_USUARIO" NOT NULL ENABLE);
--------------------------------------------------------
--  Constraints for Table RESERVA
--------------------------------------------------------

  ALTER TABLE "HOSTALCLARITA"."RESERVA" ADD CONSTRAINT "RESERVA_PK" PRIMARY KEY ("ID_RESERVA")
  USING INDEX PCTFREE 10 INITRANS 2 MAXTRANS 255 COMPUTE STATISTICS 
  STORAGE(INITIAL 65536 NEXT 1048576 MINEXTENTS 1 MAXEXTENTS 2147483645
  PCTINCREASE 0 FREELISTS 1 FREELIST GROUPS 1 BUFFER_POOL DEFAULT FLASH_CACHE DEFAULT CELL_FLASH_CACHE DEFAULT)
  TABLESPACE "USERS"  ENABLE;
  ALTER TABLE "HOSTALCLARITA"."RESERVA" MODIFY ("ID_RESERVA" NOT NULL ENABLE);
--------------------------------------------------------
--  Constraints for Table TIPO_HABITACION
--------------------------------------------------------

  ALTER TABLE "HOSTALCLARITA"."TIPO_HABITACION" ADD CONSTRAINT "TIPO_HABITACION_PK" PRIMARY KEY ("ID_TIPO_HABITACION")
  USING INDEX PCTFREE 10 INITRANS 2 MAXTRANS 255 COMPUTE STATISTICS 
  STORAGE(INITIAL 65536 NEXT 1048576 MINEXTENTS 1 MAXEXTENTS 2147483645
  PCTINCREASE 0 FREELISTS 1 FREELIST GROUPS 1 BUFFER_POOL DEFAULT FLASH_CACHE DEFAULT CELL_FLASH_CACHE DEFAULT)
  TABLESPACE "USERS"  ENABLE;
  ALTER TABLE "HOSTALCLARITA"."TIPO_HABITACION" MODIFY ("ID_TIPO_HABITACION" NOT NULL ENABLE);
--------------------------------------------------------
--  Constraints for Table MINUTA
--------------------------------------------------------

  ALTER TABLE "HOSTALCLARITA"."MINUTA" ADD CONSTRAINT "MINUTA_PK" PRIMARY KEY ("ID_PLATO", "ID_SERVICIO_COMEDOR", "ID_DIA_SEMANA")
  USING INDEX PCTFREE 10 INITRANS 2 MAXTRANS 255 COMPUTE STATISTICS 
  STORAGE(INITIAL 65536 NEXT 1048576 MINEXTENTS 1 MAXEXTENTS 2147483645
  PCTINCREASE 0 FREELISTS 1 FREELIST GROUPS 1 BUFFER_POOL DEFAULT FLASH_CACHE DEFAULT CELL_FLASH_CACHE DEFAULT)
  TABLESPACE "USERS"  ENABLE;
  ALTER TABLE "HOSTALCLARITA"."MINUTA" MODIFY ("ID_DIA_SEMANA" NOT NULL ENABLE);
  ALTER TABLE "HOSTALCLARITA"."MINUTA" MODIFY ("ID_SERVICIO_COMEDOR" NOT NULL ENABLE);
  ALTER TABLE "HOSTALCLARITA"."MINUTA" MODIFY ("ID_PLATO" NOT NULL ENABLE);
--------------------------------------------------------
--  Constraints for Table TIPO_CAMBIO
--------------------------------------------------------

  ALTER TABLE "HOSTALCLARITA"."TIPO_CAMBIO" ADD CONSTRAINT "TIPO_CAMBIO_PK" PRIMARY KEY ("ID_TIPO_CAMBIO")
  USING INDEX PCTFREE 10 INITRANS 2 MAXTRANS 255 COMPUTE STATISTICS 
  STORAGE(INITIAL 65536 NEXT 1048576 MINEXTENTS 1 MAXEXTENTS 2147483645
  PCTINCREASE 0 FREELISTS 1 FREELIST GROUPS 1 BUFFER_POOL DEFAULT FLASH_CACHE DEFAULT CELL_FLASH_CACHE DEFAULT)
  TABLESPACE "USERS"  ENABLE;
  ALTER TABLE "HOSTALCLARITA"."TIPO_CAMBIO" MODIFY ("ID_TIPO_CAMBIO" NOT NULL ENABLE);
--------------------------------------------------------
--  Constraints for Table PROVEEDOR
--------------------------------------------------------

  ALTER TABLE "HOSTALCLARITA"."PROVEEDOR" ADD CONSTRAINT "PROVEEDOR_PK" PRIMARY KEY ("ID_PROVEEDOR")
  USING INDEX PCTFREE 10 INITRANS 2 MAXTRANS 255 COMPUTE STATISTICS 
  STORAGE(INITIAL 65536 NEXT 1048576 MINEXTENTS 1 MAXEXTENTS 2147483645
  PCTINCREASE 0 FREELISTS 1 FREELIST GROUPS 1 BUFFER_POOL DEFAULT FLASH_CACHE DEFAULT CELL_FLASH_CACHE DEFAULT)
  TABLESPACE "USERS"  ENABLE;
  ALTER TABLE "HOSTALCLARITA"."PROVEEDOR" MODIFY ("ID_RUBRO" NOT NULL ENABLE);
  ALTER TABLE "HOSTALCLARITA"."PROVEEDOR" MODIFY ("ID_PROVEEDOR" NOT NULL ENABLE);
--------------------------------------------------------
--  Constraints for Table MONEDA
--------------------------------------------------------

  ALTER TABLE "HOSTALCLARITA"."MONEDA" ADD CONSTRAINT "MONEDA_PK" PRIMARY KEY ("ID_MONEDA")
  USING INDEX PCTFREE 10 INITRANS 2 MAXTRANS 255 COMPUTE STATISTICS 
  STORAGE(INITIAL 65536 NEXT 1048576 MINEXTENTS 1 MAXEXTENTS 2147483645
  PCTINCREASE 0 FREELISTS 1 FREELIST GROUPS 1 BUFFER_POOL DEFAULT FLASH_CACHE DEFAULT CELL_FLASH_CACHE DEFAULT)
  TABLESPACE "USERS"  ENABLE;
  ALTER TABLE "HOSTALCLARITA"."MONEDA" MODIFY ("ID_MONEDA" NOT NULL ENABLE);
--------------------------------------------------------
--  Constraints for Table HABITACION
--------------------------------------------------------

  ALTER TABLE "HOSTALCLARITA"."HABITACION" ADD CONSTRAINT "HABITACION_PK" PRIMARY KEY ("ID_HABITACION")
  USING INDEX PCTFREE 10 INITRANS 2 MAXTRANS 255 COMPUTE STATISTICS 
  STORAGE(INITIAL 65536 NEXT 1048576 MINEXTENTS 1 MAXEXTENTS 2147483645
  PCTINCREASE 0 FREELISTS 1 FREELIST GROUPS 1 BUFFER_POOL DEFAULT FLASH_CACHE DEFAULT CELL_FLASH_CACHE DEFAULT)
  TABLESPACE "USERS"  ENABLE;
  ALTER TABLE "HOSTALCLARITA"."HABITACION" MODIFY ("ID_HABITACION" NOT NULL ENABLE);
--------------------------------------------------------
--  Constraints for Table RESERVA_DETALLE
--------------------------------------------------------

  ALTER TABLE "HOSTALCLARITA"."RESERVA_DETALLE" ADD CONSTRAINT "RESERVA_DETALLE_PK" PRIMARY KEY ("ID_RESERVA_DETALLE")
  USING INDEX PCTFREE 10 INITRANS 2 MAXTRANS 255 COMPUTE STATISTICS 
  STORAGE(INITIAL 65536 NEXT 1048576 MINEXTENTS 1 MAXEXTENTS 2147483645
  PCTINCREASE 0 FREELISTS 1 FREELIST GROUPS 1 BUFFER_POOL DEFAULT FLASH_CACHE DEFAULT CELL_FLASH_CACHE DEFAULT)
  TABLESPACE "USERS"  ENABLE;
  ALTER TABLE "HOSTALCLARITA"."RESERVA_DETALLE" MODIFY ("ID_RESERVA_DETALLE" NOT NULL ENABLE);
--------------------------------------------------------
--  Constraints for Table TIPO_PRODUCTO
--------------------------------------------------------

  ALTER TABLE "HOSTALCLARITA"."TIPO_PRODUCTO" ADD CONSTRAINT "TIPO_PRODUCTO_PK" PRIMARY KEY ("ID_TIPO_PRODUCTO")
  USING INDEX PCTFREE 10 INITRANS 2 MAXTRANS 255 COMPUTE STATISTICS 
  STORAGE(INITIAL 65536 NEXT 1048576 MINEXTENTS 1 MAXEXTENTS 2147483645
  PCTINCREASE 0 FREELISTS 1 FREELIST GROUPS 1 BUFFER_POOL DEFAULT FLASH_CACHE DEFAULT CELL_FLASH_CACHE DEFAULT)
  TABLESPACE "USERS"  ENABLE;
  ALTER TABLE "HOSTALCLARITA"."TIPO_PRODUCTO" MODIFY ("ID_TIPO_PRODUCTO" NOT NULL ENABLE);
--------------------------------------------------------
--  Constraints for Table ORDEN_PEDIDO
--------------------------------------------------------

  ALTER TABLE "HOSTALCLARITA"."ORDEN_PEDIDO" ADD CONSTRAINT "ORDEN_PEDIDO_PK" PRIMARY KEY ("ID_ORDEN_PEDIDO")
  USING INDEX PCTFREE 10 INITRANS 2 MAXTRANS 255 COMPUTE STATISTICS 
  STORAGE(INITIAL 65536 NEXT 1048576 MINEXTENTS 1 MAXEXTENTS 2147483645
  PCTINCREASE 0 FREELISTS 1 FREELIST GROUPS 1 BUFFER_POOL DEFAULT FLASH_CACHE DEFAULT CELL_FLASH_CACHE DEFAULT)
  TABLESPACE "USERS"  ENABLE;
  ALTER TABLE "HOSTALCLARITA"."ORDEN_PEDIDO" MODIFY ("ID_PROVEEDOR" NOT NULL ENABLE);
  ALTER TABLE "HOSTALCLARITA"."ORDEN_PEDIDO" MODIFY ("ID_ORDEN_PEDIDO" NOT NULL ENABLE);
--------------------------------------------------------
--  Constraints for Table RUBRO
--------------------------------------------------------

  ALTER TABLE "HOSTALCLARITA"."RUBRO" ADD CONSTRAINT "RUBRO_PK" PRIMARY KEY ("ID_RUBRO")
  USING INDEX PCTFREE 10 INITRANS 2 MAXTRANS 255 COMPUTE STATISTICS 
  STORAGE(INITIAL 65536 NEXT 1048576 MINEXTENTS 1 MAXEXTENTS 2147483645
  PCTINCREASE 0 FREELISTS 1 FREELIST GROUPS 1 BUFFER_POOL DEFAULT FLASH_CACHE DEFAULT CELL_FLASH_CACHE DEFAULT)
  TABLESPACE "USERS"  ENABLE;
  ALTER TABLE "HOSTALCLARITA"."RUBRO" MODIFY ("ID_RUBRO" NOT NULL ENABLE);
--------------------------------------------------------
--  Constraints for Table EMPRESA
--------------------------------------------------------

  ALTER TABLE "HOSTALCLARITA"."EMPRESA" ADD CONSTRAINT "EMPRESA_PK" PRIMARY KEY ("ID_EMPRESA")
  USING INDEX PCTFREE 10 INITRANS 2 MAXTRANS 255 COMPUTE STATISTICS 
  STORAGE(INITIAL 65536 NEXT 1048576 MINEXTENTS 1 MAXEXTENTS 2147483645
  PCTINCREASE 0 FREELISTS 1 FREELIST GROUPS 1 BUFFER_POOL DEFAULT FLASH_CACHE DEFAULT CELL_FLASH_CACHE DEFAULT)
  TABLESPACE "USERS"  ENABLE;
  ALTER TABLE "HOSTALCLARITA"."EMPRESA" MODIFY ("ID_EMPRESA" NOT NULL ENABLE);
--------------------------------------------------------
--  Constraints for Table ORDEN_PEDIDO_DET
--------------------------------------------------------

  ALTER TABLE "HOSTALCLARITA"."ORDEN_PEDIDO_DET" ADD CONSTRAINT "ORDEN_PEDIDO_DET_PK" PRIMARY KEY ("ID_ORDEN_PEDIDO_DET")
  USING INDEX PCTFREE 10 INITRANS 2 MAXTRANS 255 COMPUTE STATISTICS 
  STORAGE(INITIAL 65536 NEXT 1048576 MINEXTENTS 1 MAXEXTENTS 2147483645
  PCTINCREASE 0 FREELISTS 1 FREELIST GROUPS 1 BUFFER_POOL DEFAULT FLASH_CACHE DEFAULT CELL_FLASH_CACHE DEFAULT)
  TABLESPACE "USERS"  ENABLE;
  ALTER TABLE "HOSTALCLARITA"."ORDEN_PEDIDO_DET" MODIFY ("ID_ORDEN_PEDIDO_DET" NOT NULL ENABLE);
--------------------------------------------------------
--  Constraints for Table TIPO_CAMBIO_VALOR
--------------------------------------------------------

  ALTER TABLE "HOSTALCLARITA"."TIPO_CAMBIO_VALOR" ADD CONSTRAINT "TIPO_CAMBIO_VALOR_PK" PRIMARY KEY ("ID_TIPO_CAMBIO_VALOR")
  USING INDEX PCTFREE 10 INITRANS 2 MAXTRANS 255 COMPUTE STATISTICS 
  STORAGE(INITIAL 65536 NEXT 1048576 MINEXTENTS 1 MAXEXTENTS 2147483645
  PCTINCREASE 0 FREELISTS 1 FREELIST GROUPS 1 BUFFER_POOL DEFAULT FLASH_CACHE DEFAULT CELL_FLASH_CACHE DEFAULT)
  TABLESPACE "USERS"  ENABLE;
  ALTER TABLE "HOSTALCLARITA"."TIPO_CAMBIO_VALOR" MODIFY ("ID_TIPO_CAMBIO_VALOR" NOT NULL ENABLE);
--------------------------------------------------------
--  Constraints for Table HUESPED
--------------------------------------------------------

  ALTER TABLE "HOSTALCLARITA"."HUESPED" ADD CONSTRAINT "HUESPED_ID" PRIMARY KEY ("ID_HUESPED")
  USING INDEX PCTFREE 10 INITRANS 2 MAXTRANS 255 COMPUTE STATISTICS 
  STORAGE(INITIAL 65536 NEXT 1048576 MINEXTENTS 1 MAXEXTENTS 2147483645
  PCTINCREASE 0 FREELISTS 1 FREELIST GROUPS 1 BUFFER_POOL DEFAULT FLASH_CACHE DEFAULT CELL_FLASH_CACHE DEFAULT)
  TABLESPACE "USERS"  ENABLE;
  ALTER TABLE "HOSTALCLARITA"."HUESPED" MODIFY ("ID_HUESPED" NOT NULL ENABLE);
--------------------------------------------------------
--  Constraints for Table PRODUCTO
--------------------------------------------------------

  ALTER TABLE "HOSTALCLARITA"."PRODUCTO" ADD CONSTRAINT "PRODUCTO_PK" PRIMARY KEY ("ID_PRODUCTO")
  USING INDEX PCTFREE 10 INITRANS 2 MAXTRANS 255 COMPUTE STATISTICS 
  STORAGE(INITIAL 65536 NEXT 1048576 MINEXTENTS 1 MAXEXTENTS 2147483645
  PCTINCREASE 0 FREELISTS 1 FREELIST GROUPS 1 BUFFER_POOL DEFAULT FLASH_CACHE DEFAULT CELL_FLASH_CACHE DEFAULT)
  TABLESPACE "USERS"  ENABLE;
  ALTER TABLE "HOSTALCLARITA"."PRODUCTO" MODIFY ("ID_PRODUCTO" NOT NULL ENABLE);
--------------------------------------------------------
--  Constraints for Table PLATO
--------------------------------------------------------

  ALTER TABLE "HOSTALCLARITA"."PLATO" ADD CONSTRAINT "PLATO_PK" PRIMARY KEY ("ID_PLATO")
  USING INDEX PCTFREE 10 INITRANS 2 MAXTRANS 255 COMPUTE STATISTICS 
  STORAGE(INITIAL 65536 NEXT 1048576 MINEXTENTS 1 MAXEXTENTS 2147483645
  PCTINCREASE 0 FREELISTS 1 FREELIST GROUPS 1 BUFFER_POOL DEFAULT FLASH_CACHE DEFAULT CELL_FLASH_CACHE DEFAULT)
  TABLESPACE "USERS"  ENABLE;
  ALTER TABLE "HOSTALCLARITA"."PLATO" MODIFY ("ID_PLATO" NOT NULL ENABLE);
--------------------------------------------------------
--  Constraints for Table STATUS_HABITACION
--------------------------------------------------------

  ALTER TABLE "HOSTALCLARITA"."STATUS_HABITACION" ADD CONSTRAINT "STATUS_HABITACION_PK" PRIMARY KEY ("ID_STATUS_HABITACION")
  USING INDEX PCTFREE 10 INITRANS 2 MAXTRANS 255 COMPUTE STATISTICS 
  STORAGE(INITIAL 65536 NEXT 1048576 MINEXTENTS 1 MAXEXTENTS 2147483645
  PCTINCREASE 0 FREELISTS 1 FREELIST GROUPS 1 BUFFER_POOL DEFAULT FLASH_CACHE DEFAULT CELL_FLASH_CACHE DEFAULT)
  TABLESPACE "USERS"  ENABLE;
  ALTER TABLE "HOSTALCLARITA"."STATUS_HABITACION" MODIFY ("ID_STATUS_HABITACION" NOT NULL ENABLE);
--------------------------------------------------------
--  Ref Constraints for Table EMPLEADO
--------------------------------------------------------

  ALTER TABLE "HOSTALCLARITA"."EMPLEADO" ADD CONSTRAINT "EMPLEADO_ROLUSUARIO_FK" FOREIGN KEY ("ID_ROL_USUARIO")
	  REFERENCES "HOSTALCLARITA"."ROL_USUARIO" ("ID_ROL_USUARIO") ENABLE;
--------------------------------------------------------
--  Ref Constraints for Table HABITACION
--------------------------------------------------------

  ALTER TABLE "HOSTALCLARITA"."HABITACION" ADD CONSTRAINT "HABITACION_STATUSHABIT_FK" FOREIGN KEY ("ID_STATUS_HABITACION")
	  REFERENCES "HOSTALCLARITA"."STATUS_HABITACION" ("ID_STATUS_HABITACION") ENABLE;
  ALTER TABLE "HOSTALCLARITA"."HABITACION" ADD CONSTRAINT "HABITACION_TIPOHABIT_FK" FOREIGN KEY ("ID_TIPO_HABITACION")
	  REFERENCES "HOSTALCLARITA"."TIPO_HABITACION" ("ID_TIPO_HABITACION") ENABLE;
--------------------------------------------------------
--  Ref Constraints for Table HUESPED
--------------------------------------------------------

  ALTER TABLE "HOSTALCLARITA"."HUESPED" ADD CONSTRAINT "HUESPED_EMPRESA_FK" FOREIGN KEY ("ID_EMPRESA")
	  REFERENCES "HOSTALCLARITA"."EMPRESA" ("ID_EMPRESA") ENABLE;
--------------------------------------------------------
--  Ref Constraints for Table MINUTA
--------------------------------------------------------

  ALTER TABLE "HOSTALCLARITA"."MINUTA" ADD CONSTRAINT "MINUTA_DIASEMANA_FK" FOREIGN KEY ("ID_DIA_SEMANA")
	  REFERENCES "HOSTALCLARITA"."DIA_SEMANA" ("ID_DIA_SEMANA") ENABLE;
  ALTER TABLE "HOSTALCLARITA"."MINUTA" ADD CONSTRAINT "MINUTA_PLATO_FK" FOREIGN KEY ("ID_PLATO")
	  REFERENCES "HOSTALCLARITA"."PLATO" ("ID_PLATO") ENABLE;
  ALTER TABLE "HOSTALCLARITA"."MINUTA" ADD CONSTRAINT "MINUTA_SERVICIOCOMEDOR_FK" FOREIGN KEY ("ID_SERVICIO_COMEDOR")
	  REFERENCES "HOSTALCLARITA"."SERVICIO_COMEDOR" ("ID_SERVICIO_COMEDOR") ENABLE;
--------------------------------------------------------
--  Ref Constraints for Table ORDEN_PEDIDO
--------------------------------------------------------

  ALTER TABLE "HOSTALCLARITA"."ORDEN_PEDIDO" ADD CONSTRAINT "ORDENPEDIDO_PROVEEDOR_FK" FOREIGN KEY ("ID_PROVEEDOR")
	  REFERENCES "HOSTALCLARITA"."PROVEEDOR" ("ID_PROVEEDOR") ENABLE;
--------------------------------------------------------
--  Ref Constraints for Table ORDEN_PEDIDO_DET
--------------------------------------------------------

  ALTER TABLE "HOSTALCLARITA"."ORDEN_PEDIDO_DET" ADD CONSTRAINT "ORDENPEDIDODET_ORDENPEDIDO_FK" FOREIGN KEY ("ID_ORDEN_PEDIDO")
	  REFERENCES "HOSTALCLARITA"."ORDEN_PEDIDO" ("ID_ORDEN_PEDIDO") ENABLE;
  ALTER TABLE "HOSTALCLARITA"."ORDEN_PEDIDO_DET" ADD CONSTRAINT "ORDENPEDIDODET_PRODUCTO_FK" FOREIGN KEY ("ID_PRODUCTO")
	  REFERENCES "HOSTALCLARITA"."PRODUCTO" ("ID_PRODUCTO") ENABLE;
--------------------------------------------------------
--  Ref Constraints for Table PRODUCTO
--------------------------------------------------------

  ALTER TABLE "HOSTALCLARITA"."PRODUCTO" ADD CONSTRAINT "PRODUCTO_PROVEEDOR_FK" FOREIGN KEY ("ID_PROVEEDOR")
	  REFERENCES "HOSTALCLARITA"."PROVEEDOR" ("ID_PROVEEDOR") ENABLE;
  ALTER TABLE "HOSTALCLARITA"."PRODUCTO" ADD CONSTRAINT "PRODUCTO_TIPOPRODUCTO_FK" FOREIGN KEY ("ID_TIPO_PRODUCTO")
	  REFERENCES "HOSTALCLARITA"."TIPO_PRODUCTO" ("ID_TIPO_PRODUCTO") ENABLE;
--------------------------------------------------------
--  Ref Constraints for Table PROVEEDOR
--------------------------------------------------------

  ALTER TABLE "HOSTALCLARITA"."PROVEEDOR" ADD CONSTRAINT "PROVEEDOR_RUBRO_FK" FOREIGN KEY ("ID_RUBRO")
	  REFERENCES "HOSTALCLARITA"."RUBRO" ("ID_RUBRO") ENABLE;
--------------------------------------------------------
--  Ref Constraints for Table RESERVA
--------------------------------------------------------

  ALTER TABLE "HOSTALCLARITA"."RESERVA" ADD CONSTRAINT "RESERVA_EMPRESA_FK" FOREIGN KEY ("ID_EMPRESA")
	  REFERENCES "HOSTALCLARITA"."EMPRESA" ("ID_EMPRESA") ENABLE;
--------------------------------------------------------
--  Ref Constraints for Table RESERVA_DETALLE
--------------------------------------------------------

  ALTER TABLE "HOSTALCLARITA"."RESERVA_DETALLE" ADD CONSTRAINT "RESERVADET_HABITACION_FK" FOREIGN KEY ("ID_HABITACION")
	  REFERENCES "HOSTALCLARITA"."HABITACION" ("ID_HABITACION") ENABLE;
  ALTER TABLE "HOSTALCLARITA"."RESERVA_DETALLE" ADD CONSTRAINT "RESERVADET_HUESPED_FK" FOREIGN KEY ("ID_HUESPED")
	  REFERENCES "HOSTALCLARITA"."HUESPED" ("ID_HUESPED") ENABLE;
  ALTER TABLE "HOSTALCLARITA"."RESERVA_DETALLE" ADD CONSTRAINT "RESERVADET_RESERVA_FK" FOREIGN KEY ("ID_RESERVA")
	  REFERENCES "HOSTALCLARITA"."RESERVA" ("ID_RESERVA") ENABLE;
--------------------------------------------------------
--  Ref Constraints for Table TIPO_CAMBIO
--------------------------------------------------------

  ALTER TABLE "HOSTALCLARITA"."TIPO_CAMBIO" ADD CONSTRAINT "TIPOCAMBIO_MONEDADESTINO_FK" FOREIGN KEY ("ID_MONEDA_DESTINO")
	  REFERENCES "HOSTALCLARITA"."MONEDA" ("ID_MONEDA") ENABLE;
  ALTER TABLE "HOSTALCLARITA"."TIPO_CAMBIO" ADD CONSTRAINT "TIPOCAMBIO_MONEDAORIGEN_FK" FOREIGN KEY ("ID_MONEDA_ORIGEN")
	  REFERENCES "HOSTALCLARITA"."MONEDA" ("ID_MONEDA") ENABLE;
--------------------------------------------------------
--  Ref Constraints for Table TIPO_CAMBIO_VALOR
--------------------------------------------------------

  ALTER TABLE "HOSTALCLARITA"."TIPO_CAMBIO_VALOR" ADD CONSTRAINT "TIPOCAMBIOVALOR_TIPOCAMBIO_FK" FOREIGN KEY ("ID_TIPO_CAMBIO")
	  REFERENCES "HOSTALCLARITA"."TIPO_CAMBIO" ("ID_TIPO_CAMBIO") ENABLE;
